ekatte,name,kind,obshtina,municipality_id,oblast,nuts3
00014,Абланица,с.,BLG52,000025014,Благоевград,BG413
00028,Абланица,с.,LOV18,000291591,Ловеч,BG315
00031,Абрит,с.,DOB20,000852754,Добрич,BG332
00045,Мокрен,с.,SLV11,000590540,Сливен,BG342
00059,Аврамово,с.,BLG53,000025039,Благоевград,BG413
00062,Аврамово,с.,KRZ02,000235750,Кърджали,BG425
00084,Аврен,с.,VAR01,000093378,Варна,BG331
00093,Аврен,с.,KRZ15,000235913,Кърджали,BG425
00103,Агатово,с.,GAB29,000215889,Габрово,BG322
00117,Азманите,с.,GAB35,000215946,Габрово,BG322
00120,Върбен,с.,KRZ14,000235888,Кърджали,BG425
00134,Изгрев,с.,BLG03,000024695,Благоевград,BG413
00148,Айрово,с.,KRZ16,000235920,Кърджали,BG425
00151,Айтос,гр.,BGS01,000056764,Бургас,BG341
00165,Аканджиево,с.,PAZ04,000351558,Пазарджик,BG423
00179,Акациево,с.,VID09,000159508,Видин,BG311
00182,Аксаково,гр.,VAR02,000093385,Варна,BG331
00196,Аламовци,с.,SML11,000614938,Смолян,BG424
00206,Албанци,с.,KRZ08,000235831,Кърджали,BG425
00215,Алваново,с.,TGV35,000875920,Търговище,BG334
00223,Алдомировци,с.,SFO45,000776517,София,BG412
00237,Алеково,с.,VTR28,000133965,Велико Търново,BG321
00240,Алеково,с.,SLS01,000565359,Силистра,BG325
00254,Алеко Константиново,с.,PAZ19,000351736,Пазарджик,BG423
00268,Александрия,с.,DOB20,000852754,Добрич,BG332
00271,Александрово,с.,BGS17,000057179,Бургас,BG341
00285,Александрово,с.,VTR28,000133965,Велико Търново,BG321
00299,Александрово,с.,LOV18,000291591,Ловеч,BG315
00309,Александрово,с.,SZR24,000817931,Стара Загора,BG344
00312,Александрово,с.,TGV35,000875920,Търговище,BG334
00326,Александрово,с.,HKV34,000903946,Хасково,BG422
00330,Александрово,с.,SHU25,000931657,Шумен,BG333
00343,Александрово,с.,JAM22,000970432,Ямбол,BG343
00357,Нови Искър,гр.,SOF46,000696327,София (столица),BG411
00360,Александър Стамболийски,с.,DOB12,000852633,Добрич,BG332
00374,Самуилово,с.,DOB15,000852188,Добрич,BG332
00388,Алиговска,с.,SML31,000615118,Смолян,BG424
00391,Алино,с.,SFO39,000776491,София,BG412
00401,Алтимир,с.,VRC08,000193058,Враца,BG313
00415,Алфатар,гр.,SLS01,000565359,Силистра,BG325
00429,Алцек,с.,DOB15,000852188,Добрич,BG332
00432,Ангеларий,с.,DOB27,000852925,Добрич,BG332
00446,Ангел войвода,с.,HKV19,000903743,Хасково,BG422
00456,Ангелов,с.,GAB05,000215630,Габрово,BG322
00480,Анево,с.,PDV43,115816423,Пловдив,BG421
00494,Антимово,с.,SLS34,000565626,Силистра,BG325
00504,Антон,с.,SFO54,000777255,София,BG412
00518,Антоново,гр.,TGV02,000875557,Търговище,BG334
00521,Аплаци,с.,VTR13,000133762,Велико Търново,BG321
00549,Априлово,с.,SFO10,000776178,София,BG412
00552,Априлово,с.,SZR07,000817696,Стара Загора,BG344
00566,Априлово,с.,TGV24,000875856,Търговище,BG334
00571,Априлци,с.,PAZ19,000351736,Пазарджик,BG423
00583,Арбанаси,с.,VTR04,000133634,Велико Търново,BG321
00597,Арда,с.,SML31,000615118,Смолян,BG424
00607,Ардино,гр.,KRZ02,000235750,Кърджали,BG425
00610,Арзан,с.,PER08,000386559,Перник,BG414
00624,Арковна,с.,VAR16,000093524,Варна,BG331
00638,Армените,с.,GAB05,000215630,Габрово,BG322
00641,Армянковци,с.,GAB35,000215946,Габрово,BG322
00655,Арнаутито,с.,SZR31,000818022,Стара Загора,BG344
00669,Арпаджик,с.,SML16,000614984,Смолян,BG424
00672,Арчар,с.,VID16,000159554,Видин,BG311
00697,Асен,с.,SZR24,000817931,Стара Загора,BG344
00702,Асеновград,гр.,PDV01,000471059,Пловдив,BG421
00713,Асеновец,с.,SLV16,000590597,Сливен,BG342
00730,Асеново,с.,VTR31,000133972,Велико Търново,BG321
00744,Асеново,с.,PVN21,000413885,Плевен,BG314
00758,Асеново,с.,JAM25,000970457,Ямбол,BG343
00761,Асеновци,с.,PVN16,000413814,Плевен,BG314
00775,Аспарухово,с.,BGS09,000057026,Бургас,BG341
00789,Аспарухово,с.,VAR16,000093524,Варна,BG331
00792,Аспарухово,с.,MON26,000320865,Монтана,BG312
00802,Аспарухово,с.,PVN16,000413814,Плевен,BG314
00816,Атолово,с.,JAM22,000970432,Ямбол,BG343
00828,Ауста,с.,KRZ21,000235984,Кърджали,BG425
00833,Ахелой,гр.,BGS17,000057179,Бургас,BG341
00847,Ахматово,с.,PDV28,000471582,Пловдив,BG421
00850,Гълъбово,с.,SML02,000614952,Смолян,BG424
00864,Ахрянско,с.,KRZ02,000235750,Кърджали,BG425
00878,Ахтопол,гр.,BGS13,000057097,Бургас,BG341
00881,Абланица,с.,PAZ08,000351580,Пазарджик,BG423
00895,Айдемир,с.,SLS31,000565537,Силистра,BG325
00905,Априлци,с.,KRZ14,000235888,Кърджали,BG425
00919,Антимово,с.,VID09,000159508,Видин,BG311
02021,Баба Тонка,с.,TGV24,000875856,Търговище,BG334
02035,Бабек,с.,PDV07,000471123,Пловдив,BG421
02049,Бабино,с.,KNL04,000261363,Кюстендил,BG415
02052,Бабинска река,с.,KNL04,000261363,Кюстендил,BG415
02066,Бабица,с.,PER08,000386559,Перник,BG414
02076,Баблон,с.,SML31,000615118,Смолян,BG424
02083,Бабово,с.,RSE33,000530657,Русе,BG323
02097,Бабук,с.,SLS31,000565537,Силистра,BG325
02107,Бабяк,с.,BLG02,000024688,Благоевград,BG413
02110,Багалевци,с.,VTR13,000133762,Велико Търново,BG321
02124,Багра,с.,KRZ16,000235920,Кърджали,BG425
02138,Багренци,с.,KNL29,000261517,Кюстендил,BG415
02141,Багрилци,с.,KRZ15,000235913,Кърджали,BG425
02155,Багрянка,с.,KRZ21,000235984,Кърджали,BG425
02169,Бадевци,с.,VTR13,000133762,Велико Търново,BG321
02172,Бадино,с.,KNL05,000261370,Кюстендил,BG415
02191,Баевци,с.,VTR13,000133762,Велико Търново,BG321
02207,Баевци,с.,GAB05,000215630,Габрово,BG322
02213,Баждари,с.,VTR13,000133762,Велико Търново,BG321
02227,Байкал,с.,PVN10,000413725,Плевен,BG314
02230,Байкалско,с.,PER36,000386776,Перник,BG414
02244,Байково,с.,SHU11,000931422,Шумен,BG333
02258,Байлово,с.,SFO10,000776178,София,BG412
02261,Бакалите,с.,KRZ35,000236164,Кърджали,BG425
02289,Бакьово,с.,SFO43,000776502,София,BG412
02292,Балабаново,с.,KRZ21,000235984,Кърджали,BG425
02302,Балабанско,с.,LOV34,000291709,Ловеч,BG315
02333,Балалея,с.,GAB12,000215729,Габрово,BG322
02347,Баланите,с.,GAB05,000215630,Габрово,BG322
02350,Баланово,с.,KNL48,000261630,Кюстендил,BG415
02364,Балван,с.,VTR04,000133634,Велико Търново,BG321
02378,Балванците,с.,GAB12,000215729,Габрово,BG322
02381,Балдево,с.,BLG13,000024752,Благоевград,BG413
02395,Балей,с.,VID06,000159489,Видин,BG311
02405,Балик,с.,DOB27,000852925,Добрич,BG332
02419,Балиновци,с.,GAB05,000215630,Габрово,BG322
02436,Балкан,с.,HKV30,000904261,Хасково,BG422
02448,Балканец,с.,LOV34,000291709,Ловеч,BG315
02453,Балкан махала,с.,PDV15,000614967,Пловдив,BG421
02467,Балкански,с.,RAZ26,000505910,Разград,BG324
02470,Балканци,с.,VTR31,000133972,Велико Търново,BG321
02484,Балканци,с.,DOB12,000852633,Добрич,BG332
02498,Балуци,с.,VTR13,000133762,Велико Търново,BG321
02508,Балчик,гр.,DOB03,000852544,Добрич,BG332
02511,Балша,с.,SOF46,000696327,София (столица),BG411
02539,Бальовци,с.,SFO20,000776299,София,BG412
02542,Балювица,с.,MON02,000320559,Монтана,BG312
02556,Банари,с.,GAB12,000215729,Габрово,BG322
02563,Бангейци,с.,GAB35,000215946,Габрово,BG322
02587,Баниска,с.,RSE08,000530529,Русе,BG323
02590,Баница,с.,VRC10,000193115,Враца,BG313
02600,Баничан,с.,BLG11,000024745,Благоевград,BG413
02614,Банище,с.,PER08,000386559,Перник,BG414
02628,Банковец,с.,TGV02,000875557,Търговище,BG334
02631,Банковци,с.,GAB05,000215630,Габрово,BG322
02645,Банкя,с.,PER51,000386790,Перник,BG414
02659,Банкя,гр.,SOF46,000696327,София (столица),BG411
02662,Баново,с.,VAR26,000093684,Варна,BG331
02676,Банско,гр.,BLG01,000024663,Благоевград,BG413
02689,Банчовци,с.,SFO20,000776299,София,BG412
02693,Баня,с.,BLG37,000024948,Благоевград,BG413
02703,Баня,с.,BGS15,000057122,Бургас,BG341
02717,Баня,с.,PAZ20,000351743,Пазарджик,BG423
02720,Баня,гр.,PDV13,000471365,Пловдив,BG421
02734,Баня,с.,SLV16,000590597,Сливен,BG342
02748,Бараково,с.,KNL27,000261491,Кюстендил,BG415
02751,Бараци,с.,KRZ15,000235913,Кърджали,BG425
02765,Детелина,с.,BGS09,000057026,Бургас,BG341
02779,Барутин,с.,SML10,000614906,Смолян,BG424
02782,Горна Арда,с.,SML31,000615118,Смолян,BG424
02796,Басарбово,с.,RSE27,000530632,Русе,BG323
02806,Баскалци,с.,BLG33,000024916,Благоевград,BG413
02810,Бата,с.,BGS17,000057179,Бургас,BG341
02823,Батак,с.,VTR22,000133901,Велико Търново,BG321
02837,Батак,гр.,PAZ03,000351540,Пазарджик,BG423
02854,Батин,с.,RSE03,000530479,Русе,BG323
02868,Батишница,с.,RSE08,000530529,Русе,BG323
02871,Батово,с.,DOB15,000852188,Добрич,BG332
02885,Батошево,с.,GAB29,000215889,Габрово,BG322
02899,Батулия,с.,SFO43,000776502,София,BG412
02909,Батулци,с.,LOV38,000291723,Ловеч,BG315
02912,Баурене,с.,VRC21,000193282,Враца,BG313
02926,Бахалин,с.,SFO45,000776517,София,BG412
02935,Баховица,с.,LOV18,000291591,Ловеч,BG315
02943,Бахреци,с.,GAB35,000215946,Габрово,BG322
02957,Бацова махала,с.,PVN21,000413885,Плевен,BG314
02960,Бачево,с.,BLG37,000024948,Благоевград,BG413
02974,Бачково,с.,PDV01,000471059,Пловдив,BG421
02988,Букаците,с.,SML31,000615118,Смолян,BG424
02991,Башево,с.,KRZ02,000235750,Кърджали,BG425
03006,Бащино,с.,KRZ16,000235920,Кърджали,BG425
03017,Бащино,с.,SLS07,000565380,Силистра,BG325
03023,Бащино,с.,SZR23,000817917,Стара Загора,BG344
03037,Баячево,с.,TGV35,000875920,Търговище,BG334
03040,Бдинци,с.,DOB15,000852188,Добрич,BG332
03054,Беброво,с.,VTR13,000133762,Велико Търново,BG321
03068,Беглеж,с.,PVN24,000413974,Плевен,BG314
03085,Бегово,с.,PDV12,000471340,Пловдив,BG421
03099,Бегуновци,с.,PER08,000386559,Перник,BG414
03109,Бегунци,с.,PDV13,000471365,Пловдив,BG421
03112,Беден,с.,SML09,000614895,Смолян,BG424
03126,Беджене,с.,SHU22,000931575,Шумен,BG333
03143,Бежаново,с.,LOV19,000291602,Ловеч,BG315
03157,Бежаново,с.,DOB12,000852633,Добрич,BG332
03174,Безводица,с.,DOB03,000852544,Добрич,BG332
03188,Безводно,с.,KRZ35,000236164,Кърджали,BG425
03191,Безден,с.,SFO26,000776363,София,BG412
03201,Безденица,с.,MON29,000320872,Монтана,BG312
03215,Безмер,с.,DOB27,000852925,Добрич,BG332
03229,Безмер,с.,JAM25,000970457,Ямбол,BG343
03232,Бейковци,с.,VTR13,000133762,Велико Търново,BG321
03246,Бекриите,с.,GAB05,000215630,Габрово,BG322
03258,Каменец,с.,KRZ21,000235984,Кърджали,BG425
03263,Бела,с.,VID16,000159554,Видин,BG311
03277,Беланица,с.,PER36,000386776,Перник,BG414
03280,Бела Рада,с.,VID09,000159508,Видин,BG311
03294,Беласица,с.,BLG33,000024916,Благоевград,BG413
03304,Белащица,с.,PDV26,000472200,Пловдив,BG421
03318,Белгун,с.,DOB17,000852697,Добрич,BG332
03321,Белев дол,с.,SML31,000615118,Смолян,BG424
03335,Белевехчево,с.,BLG40,000024955,Благоевград,BG413
03349,Белеврен,с.,BGS06,000056878,Бургас,BG341
03366,Белене,гр.,PVN03,000413579,Плевен,BG314
03373,Беленци,с.,LOV19,000291602,Ловеч,BG315
03383,Бели брег,с.,MON04,000320566,Монтана,BG312
03397,Бели брод,с.,MON04,000320566,Монтана,BG312
03407,Бели бряг,с.,SZR27,000817956,Стара Загора,BG344
03410,Бели вир,с.,KRZ35,000236164,Кърджали,BG425
03424,Бели дол,с.,HKV11,000235870,Хасково,BG422
03438,Бели извор,с.,VRC10,000193115,Враца,BG313
03441,Бели Искър,с.,SFO39,000776491,София,BG412
03455,Белила,с.,BGS06,000056878,Бургас,BG341
03469,Белимел,с.,MON36,000320961,Монтана,BG312
03472,Белинци,с.,RAZ14,000505821,Разград,BG324
03486,Бели Осъм,с.,LOV34,000291709,Ловеч,BG315
03499,Бели пласт,с.,KRZ16,000235920,Кърджали,BG425
03504,Белица,гр.,BLG02,000024688,Благоевград,BG413
03513,Белица,с.,GAB35,000215946,Габрово,BG322
03527,Белица,с.,SLS34,000565626,Силистра,BG325
03530,Белица,с.,PDV15,000614967,Пловдив,BG421
03544,Белица,с.,HKV17,000903686,Хасково,BG422
03558,Белиш,с.,LOV34,000291709,Ловеч,BG315
03561,Бел камен,с.,BLG53,000025039,Благоевград,BG413
03575,Беловец,с.,RAZ16,000505846,Разград,BG324
03589,Беловица,с.,PDV37,000471671,Пловдив,BG421
03592,Белово,гр.,PAZ04,000351558,Пазарджик,BG423
03602,Белоградец,с.,VAR08,000093458,Варна,BG331
03616,Белоградчик,гр.,VID01,000159458,Видин,BG311
03620,Белозем,с.,PDV25,000471543,Пловдив,BG421
03633,Белокопитово,с.,SHU30,000931721,Шумен,BG333
03647,Беломорци,с.,TGV22,000875817,Търговище,BG334
03650,Беломъжите,с.,GAB05,000215630,Габрово,BG322
03664,Бело поле,с.,BLG03,000024695,Благоевград,BG413
03678,Бело поле,с.,VID33,000159682,Видин,BG311
03681,Белополци,с.,HKV11,000235870,Хасково,BG422
03695,Белополяне,с.,HKV11,000235870,Хасково,BG422
03705,Белопопци,с.,SFO10,000776178,София,BG412
03719,Белослав,гр.,VAR04,000093403,Варна,BG331
03722,Белотинци,с.,MON29,000320872,Монтана,BG312
03736,Долно Белотинци,с.,MON29,000320872,Монтана,BG312
03745,Белцов,с.,RSE37,000530671,Русе,BG323
03753,Белчевци,с.,VTR04,000133634,Велико Търново,BG321
03767,Белчин,с.,SFO39,000776491,София,BG412
03770,Белчински бани,с.,SFO39,000776491,София,BG412
03784,Бельово,с.,BLG40,000024955,Благоевград,BG413
03798,Беляковец,с.,VTR04,000133634,Велико Търново,BG321
03808,Беляново,с.,RSE37,000530671,Русе,BG323
03811,Бенковски,с.,VAR01,000093378,Варна,BG331
03825,Бенковски,с.,KRZ14,000235888,Кърджали,BG425
03839,Бенковски,с.,PDV17,000472182,Пловдив,BG421
03842,Бенковски,с.,SFO56,000777248,София,BG412
03856,Бенковски,с.,SZR31,000818022,Стара Загора,BG344
03860,Бенковски,с.,DOB15,000852188,Добрич,BG332
03873,Берайнци,с.,PER51,000386790,Перник,BG414
03887,Беренде,с.,PER19,000386662,Перник,BG414
03890,Беренде,с.,SFO16,000776235,София,BG412
03900,Беренде извор,с.,SFO16,000776235,София,BG412
03914,Бериево,с.,GAB29,000215889,Габрово,BG322
03928,Берковица,гр.,MON02,000320559,Монтана,BG312
03931,Берковски,с.,TGV24,000875856,Търговище,BG334
03945,Берковци,с.,VTR13,000133762,Велико Търново,BG321
03959,Бероново,с.,BGS23,000057250,Бургас,BG341
03962,Берсин,с.,KNL29,000261517,Кюстендил,BG415
03976,Беслен,с.,BLG52,000025014,Благоевград,BG413
03986,Беснурка,с.,KRZ35,000236164,Кърджали,BG425
03993,Биволаре,с.,PVN10,000413725,Плевен,BG314
04008,Биволяне,с.,KRZ21,000235984,Кърджали,BG425
04011,Бижовци,с.,VTR04,000133634,Велико Търново,BG321
04025,Бижовци,с.,GAB35,000215946,Габрово,BG322
04039,Биково,с.,SLV20,000590654,Сливен,BG342
04042,Билинци,с.,PER08,000386559,Перник,BG414
04056,Билка,с.,BGS18,000057211,Бургас,BG341
04068,Билкини,с.,GAB12,000215729,Габрово,BG322
04090,Било,с.,DOB17,000852697,Добрич,BG332
04100,Билянска,с.,SML31,000615118,Смолян,BG424
04114,Бинкос,с.,SLV20,000590654,Сливен,BG342
04128,Бисер,с.,HKV33,000903939,Хасково,BG422
04131,Бисерци,с.,RAZ16,000505846,Разград,BG324
04145,Бистра,с.,SLS01,000565359,Силистра,BG325
04159,Бистра,с.,TGV35,000875920,Търговище,BG334
04162,Бистренци,с.,RSE04,000530493,Русе,BG323
04176,Бистрец,с.,BGS06,000056878,Бургас,BG341
04193,Бистрец,с.,DOB20,000852754,Добрич,BG332
04203,Бистрилица,с.,MON02,000320559,Монтана,BG312
04217,Бистрица,с.,BLG03,000024695,Благоевград,BG413
04220,Бистрица,с.,KNL48,000261630,Кюстендил,BG415
04234,Бистрица,с.,SOF46,000696327,София (столица),BG411
04248,Бистроглед,с.,KRZ02,000235750,Кърджали,BG425
04251,Благово,с.,MON29,000320872,Монтана,BG312
04265,Благово,с.,SHU30,000931721,Шумен,BG333
04279,Благоевград,гр.,BLG03,000024695,Благоевград,BG413
04282,Благоево,с.,VTR31,000133972,Велико Търново,BG321
04296,Благоево,с.,RAZ26,000505910,Разград,BG324
04306,Благун,с.,KRZ15,000235913,Кърджали,BG425
04314,Блажиево,с.,KNL05,000261370,Кюстендил,BG415
04323,Блатец,с.,KNL29,000261517,Кюстендил,BG415
04337,Блатец,с.,SLV20,000590654,Сливен,BG342
04340,Блатешница,с.,PER19,000386662,Перник,BG414
04354,Блатино,с.,KNL48,000261630,Кюстендил,BG415
04368,Блатница,с.,PAZ32,000351864,Пазарджик,BG423
04371,Блато,с.,KNL04,000261363,Кюстендил,BG415
04399,Блатска,с.,BLG52,000025014,Благоевград,BG413
04409,Бленика,с.,KRZ16,000235920,Кърджали,BG425
04412,Близнак,с.,BGS12,000057086,Бургас,BG341
04426,Близнаци,с.,VAR01,000093378,Варна,BG331
04430,Близнаци,с.,SHU11,000931422,Шумен,BG333
04443,Близнец,с.,SLV24,000590704,Сливен,BG342
04457,Блъсково,с.,VAR24,000093638,Варна,BG331
04460,Блъсковци,с.,VTR13,000133762,Велико Търново,BG321
04474,Боазът,с.,GAB29,000215889,Габрово,BG322
04488,Бобевци,с.,GAB05,000215630,Габрово,BG322
04491,Бобешино,с.,KNL29,000261517,Кюстендил,BG415
04501,Бобов дол,гр.,KNL04,000261363,Кюстендил,BG415
04515,Бобовец,с.,DOB03,000852544,Добрич,BG332
04529,Бобораци,с.,PER36,000386776,Перник,BG414
04532,Бобошево,гр.,KNL05,000261370,Кюстендил,BG415
04546,Бов,с.,SFO43,000776502,София,BG412
04555,Богатово,с.,GAB29,000215889,Габрово,BG322
04563,Богдан,с.,PDV13,000471365,Пловдив,BG421
04580,Богдан,с.,DOB15,000852188,Добрич,BG332
04594,Богданица,с.,PDV28,000471582,Пловдив,BG421
04604,Богданлия,с.,SFO17,000776242,София,BG412
04618,Богданов дол,с.,PER32,000386751,Перник,BG414
04621,Богданово,с.,BGS06,000056878,Бургас,BG341
04635,Богданово,с.,SLV16,000590597,Сливен,BG342
04649,Богдановци,с.,SFO20,000776299,София,BG412
04652,Богданско,с.,VTR13,000133762,Велико Търново,BG321
04666,Богданци,с.,RAZ29,000505928,Разград,BG324
04670,Богданци,с.,SLS07,000565380,Силистра,BG325
04683,Богданчовци,с.,GAB05,000215630,Габрово,BG322
04697,Богойна,с.,PER51,000386790,Перник,BG414
04707,Боголин,с.,BLG42,000024962,Благоевград,BG413
04724,Богомил,с.,HKV33,000903939,Хасково,BG422
04738,Богомилово,с.,SZR31,000818022,Стара Загора,BG344
04741,Богомилци,с.,RAZ29,000505928,Разград,BG324
04755,Богомолско,с.,TGV02,000875557,Търговище,BG334
04772,Богорово,с.,SLS31,000565537,Силистра,BG325
04786,Богорово,с.,JAM22,000970432,Ямбол,BG343
04796,Богослов,с.,KNL29,000261517,Кюстендил,BG415
04801,Богутево,с.,SML38,000615164,Смолян,BG424
04813,Богьовци,с.,SFO26,000776363,София,BG412
04827,Боденец,с.,VRC27,000193371,Враца,BG313
04830,Стамболово,с.,SFO20,000776299,София,BG412
04844,Бодрово,с.,HKV09,000903533,Хасково,BG422
04861,Боево,с.,SML27,000615075,Смолян,BG424
04892,Боерица,с.,SFO20,000776299,София,BG412
04902,Божак,с.,KRZ16,000235920,Кърджали,BG425
04916,Божан,с.,DOB27,000852925,Добрич,BG332
04927,Божаново,с.,DOB29,000852957,Добрич,BG332
04933,Бождово,с.,BLG40,000024955,Благоевград,BG413
04947,Божевци,с.,SLV20,000590654,Сливен,BG342
04950,Боженица,с.,SFO07,000776089,София,BG412
04964,Боженците,с.,GAB05,000215630,Габрово,BG322
04981,Божичен,с.,RSE13,000530536,Русе,BG323
05009,Божурец,с.,DOB17,000852697,Добрич,BG332
05013,Божурица,с.,PVN10,000413725,Плевен,BG314
05027,Божурище,гр.,SFO06,000776071,София,BG412
05030,Божурка,с.,TGV35,000875920,Търговище,BG334
05044,Божурлук,с.,PVN16,000413814,Плевен,BG314
05058,Божурово,с.,RAZ16,000505846,Разград,BG324
05061,Божурово,с.,DOB15,000852188,Добрич,BG332
05075,Божурово,с.,SHU10,000931415,Шумен,BG333
05089,Божурци,с.,KRZ35,000236164,Кърджали,BG425
05092,Бозаджии,с.,SLV20,000590654,Сливен,BG342
05102,Бозвелийско,с.,VAR24,000093638,Варна,BG331
05124,Боил,с.,SLS10,000565416,Силистра,BG325
05133,Лом Черковна,с.,RSE04,000530493,Русе,BG323
05147,Бойковец,с.,SFO18,000776259,София,BG412
05150,Бойково,с.,PDV26,000472200,Пловдив,BG421
05164,Бойковци,с.,VTR13,000133762,Велико Търново,BG321
05181,Бойник,с.,KRZ15,000235913,Кърджали,BG425
05195,Бойница,с.,VID03,000159472,Видин,BG311
05205,Бойно,с.,KRZ16,000235920,Кърджали,BG425
05219,Бойновци,с.,GAB05,000215630,Габрово,BG322
05222,Бойчеви колиби,с.,VTR04,000133634,Велико Търново,BG321
05236,Бойчиновци,гр.,MON04,000320566,Монтана,BG312
05240,Бойчовци,с.,VTR04,000133634,Велико Търново,BG321
05253,Бокиловци,с.,MON02,000320559,Монтана,BG312
05267,Болтата,с.,GAB05,000215630,Габрово,BG322
05270,Болярино,с.,PDV25,000471543,Пловдив,BG421
05284,Болярово,гр.,JAM03,000970051,Ямбол,BG343
05298,Болярски извор,с.,HKV33,000903939,Хасково,BG422
05308,Болярско,с.,JAM25,000970457,Ямбол,BG343
05311,Болярци,с.,VAR01,000093378,Варна,BG331
05325,Болярци,с.,KRZ16,000235920,Кърджали,BG425
05339,Болярци,с.,PDV28,000471582,Пловдив,BG421
05342,Бонево,с.,DOB27,000852925,Добрич,BG332
05356,Борец,с.,PDV07,000471123,Пловдив,BG421
05365,Борие,с.,SML27,000615075,Смолян,BG424
05387,Борика,с.,SML16,000614984,Смолян,BG424
05390,Борика,с.,SFO20,000776299,София,BG412
05400,Борики,с.,GAB05,000215630,Габрово,BG322
05414,Бориково,с.,SML31,000615118,Смолян,BG424
05428,Бориловец,с.,VID03,000159472,Видин,BG311
05431,Борилово,с.,SZR31,000818022,Стара Загора,BG344
05445,Борима,с.,LOV34,000291709,Ловеч,BG315
05459,Боримечково,с.,PAZ14,000351693,Пазарджик,BG423
05462,Борино,с.,SML05,000614856,Смолян,BG424
05476,Бориново,с.,SML16,000614984,Смолян,BG424
05480,Боринци,с.,SLV11,000590540,Сливен,BG342
05493,Борислав,с.,PVN27,000413999,Плевен,BG314
05503,Бориславци,с.,HKV18,000903693,Хасково,BG422
05517,Борисово,с.,RSE33,000530657,Русе,BG323
05520,Борисово,с.,JAM07,000970165,Ямбол,BG343
05534,Борнарево,с.,PER36,000386776,Перник,BG414
05548,Борован,с.,VRC05,000193065,Враца,BG313
05551,Боров дол,с.,SLV24,000590704,Сливен,BG342
05565,Боровец,с.,KNL27,000261491,Кюстендил,BG415
05579,Боровина,с.,SML16,000614984,Смолян,BG424
05582,Боровица,с.,VID01,000159458,Видин,BG311
05596,Боровичене,с.,BLG33,000024916,Благоевград,BG413
05606,Борово,с.,BLG11,000024745,Благоевград,BG413
05611,Борово,гр.,RSE03,000530479,Русе,BG323
05623,Борово,с.,PDV15,000614967,Пловдив,BG421
05637,Борово,с.,SZR31,000818022,Стара Загора,BG344
05640,Боровско,с.,KRZ35,000236164,Кърджали,BG425
05654,Боровци,с.,MON02,000320559,Монтана,BG312
05668,Борското,с.,GAB05,000215630,Габрово,BG322
05671,Борущица,с.,SZR22,000817867,Стара Загора,BG344
05685,Борци,с.,SHU07,000931397,Шумен,BG333
05699,Боряна,с.,VAR16,000093524,Варна,BG331
05709,Босевци,с.,VTR13,000133762,Велико Търново,BG321
05712,Босилица,с.,KRZ35,000236164,Кърджали,BG425
05726,Босилково,с.,BGS23,000057250,Бургас,BG341
05737,Босилково,с.,SML02,000614952,Смолян,BG424
05743,Босилковци,с.,RSE04,000530493,Русе,BG323
05757,Босна,с.,SLS32,000565544,Силистра,BG325
05760,Боснек,с.,PER32,000386751,Перник,BG414
05791,Бостанци,с.,KRZ35,000236164,Кърджали,BG425
05801,Бостина,с.,SML31,000615118,Смолян,BG424
05815,Ботевград,гр.,SFO07,000776089,София,BG412
05829,Ботево,с.,VAR02,000093385,Варна,BG331
05832,Ботево,с.,VID09,000159508,Видин,BG311
05846,Ботево,с.,VRC35,000193551,Враца,BG313
05852,Ботево,с.,MON11,000320648,Монтана,BG312
05863,Ботево,с.,JAM25,000970457,Ямбол,BG343
05877,Ботров,с.,RSE04,000530493,Русе,BG323
05894,Ботуня,с.,VRC21,000193282,Враца,BG313
05904,Ботурче,с.,HKV11,000235870,Хасково,BG422
05918,Бохова,с.,PER51,000386790,Перник,BG414
05921,Бохот,с.,PVN24,000413974,Плевен,BG314
05935,Бочковци,с.,VTR04,000133634,Велико Търново,BG321
05949,Бошуля,с.,PAZ29,000351825,Пазарджик,BG423
05952,Бояджик,с.,JAM25,000970457,Ямбол,BG343
05966,Боян,с.,SHU07,000931397,Шумен,BG333
05978,Бояна,с.,VAR09,000093474,Варна,BG331
05983,Боян Ботево,с.,HKV19,000903743,Хасково,BG422
05997,Бояново,с.,VID15,000159531,Видин,BG311
06001,Бояново,с.,JAM07,000970165,Ямбол,BG343
06015,Бояновци,с.,VTR04,000133634,Велико Търново,BG321
06029,Боянци,с.,PDV01,000471059,Пловдив,BG421
06032,Брадвари,с.,SLS31,000565537,Силистра,BG325
06046,Бракница,с.,TGV24,000875856,Търговище,BG334
06050,Бракьовци,с.,SFO09,000776160,София,BG412
06077,Браниполе,с.,PDV26,000472200,Пловдив,BG421
06080,Браница,с.,HKV33,000903939,Хасково,BG422
06094,Браничево,с.,SHU18,000931881,Шумен,BG333
06104,Бранище,с.,DOB15,000852188,Добрич,BG332
06118,Бранковци,с.,VTR04,000133634,Велико Търново,BG321
06121,Бранковци,с.,VID15,000159531,Видин,BG311
06135,Братан,с.,SLV11,000590540,Сливен,BG342
06149,Братаница,с.,PAZ19,000351736,Пазарджик,BG423
06152,Братово,с.,BGS04,000056814,Бургас,BG341
06166,Братово,с.,TGV35,000875920,Търговище,BG334
06175,Братушково,с.,SFO45,000776517,София,BG412
06183,Братя Даскалови,с.,SZR04,000817568,Стара Загора,BG344
06197,Братя Кунчеви,с.,SZR31,000818022,Стара Загора,BG344
06207,Брацигово,гр.,PAZ06,000351565,Пазарджик,BG423
06210,Брегаре,с.,PVN10,000413725,Плевен,BG314
06224,Брегово,гр.,VID06,000159489,Видин,BG311
06238,Брежани,с.,BLG44,000024987,Благоевград,BG413
06241,Брежниците,с.,GAB35,000215946,Габрово,BG322
06255,Бреза,с.,SML27,000615075,Смолян,BG424
06269,Брезе,с.,SML09,000614895,Смолян,BG424
06272,Брезе,с.,SFO43,000776502,София,BG412
06286,Брезник,гр.,PER08,000386559,Перник,BG414
06306,Брезница,с.,BLG11,000024745,Благоевград,BG413
06313,Брезнишки извор,с.,PER08,000386559,Перник,BG414
06327,Брезовдол,с.,SFO43,000776502,София,BG412
06344,Брезово,с.,VTR13,000133762,Велико Търново,BG321
06361,Брезово,гр.,PDV07,000471123,Пловдив,BG421
06375,Бреница,с.,PVN39,000193243,Плевен,BG314
06389,Бреница,с.,SLS34,000565626,Силистра,BG325
06392,Брест,с.,KNL50,000261655,Кюстендил,BG415
06402,Брест,с.,PVN08,000413691,Плевен,BG314
06416,Брестак,с.,VAR09,000093474,Варна,BG331
06421,Брестака,с.,SFO56,000777248,София,BG412
06433,Бресте,с.,PVN37,000414154,Плевен,BG314
06447,Брестник,с.,PDV26,000472200,Пловдив,BG421
06450,Брестница,с.,LOV38,000291723,Ловеч,BG315
06464,Брестница,с.,DOB27,000852925,Добрич,BG332
06478,Брестова,с.,SZR37,123092756,Стара Загора,BG344
06481,Брестовене,с.,RAZ11,000505814,Разград,BG324
06495,Брестовец,с.,PVN24,000413974,Плевен,BG314
06505,Брестовица,с.,PDV26,000472200,Пловдив,BG421
06519,Брестовица,с.,RSE03,000530479,Русе,BG323
06522,Брестово,с.,BLG44,000024987,Благоевград,BG413
06536,Брестово,с.,LOV18,000291591,Ловеч,BG315
06547,Брод,с.,HKV09,000903533,Хасково,BG422
06553,Бродилово,с.,BGS13,000057097,Бургас,BG341
06567,Брош,с.,KRZ16,000235920,Кърджали,BG425
06570,Брусарци,гр.,MON07,000320580,Монтана,BG312
06584,Брусевци,с.,HKV18,000903693,Хасково,BG422
06598,Брусен,с.,VRC27,000193371,Враца,BG313
06608,Брусен,с.,SFO18,000776259,София,BG412
06625,Брусино,с.,HKV11,000235870,Хасково,BG422
06639,Брусник,с.,PER08,000386559,Перник,BG414
06642,Брънеците,с.,GAB05,000215630,Габрово,BG322
06662,Бръчковци,с.,VTR13,000133762,Велико Търново,BG321
06673,Бръшлен,с.,RSE33,000530657,Русе,BG323
06687,Бръшлян,с.,BGS12,000057086,Бургас,BG341
06690,Бръшляница,с.,PVN24,000413974,Плевен,BG314
06700,Бръщен,с.,SML10,000614906,Смолян,BG424
06728,Бряговец,с.,KRZ15,000235913,Кърджали,BG425
06731,Бряговица,с.,VTR31,000133972,Велико Търново,BG321
06745,Брягово,с.,PDV23,000471536,Пловдив,BG421
06759,Брягово,с.,HKV34,000903946,Хасково,BG422
06762,Бряст,с.,HKV09,000903533,Хасково,BG422
06776,Брястовец,с.,BGS04,000056814,Бургас,BG341
06788,Брястово,с.,SLV16,000590597,Сливен,BG342
06793,Брястово,с.,DOB03,000852544,Добрич,BG332
06803,Брястово,с.,HKV19,000903743,Хасково,BG422
06817,Бубино,с.,HKV11,000235870,Хасково,BG422
06848,Бузовград,с.,SZR12,000817778,Стара Загора,BG344
06851,Бузяковци,с.,SFO20,000776299,София,BG412
06865,Буйновица,с.,SHU07,000931397,Шумен,BG333
06879,Буйново,с.,SML05,000614856,Смолян,BG424
06882,Буйново,с.,TGV35,000875920,Търговище,BG334
06896,Буйновци,с.,VTR13,000133762,Велико Търново,BG321
06906,Бук,с.,KRZ15,000235913,Кърджали,BG425
06919,Букак,с.,TGV02,000875557,Търговище,BG334
06923,Буката,с.,SML31,000615118,Смолян,BG424
06937,Букова поляна,с.,SML16,000614984,Смолян,BG424
06940,Буковец,с.,VTR04,000133634,Велико Търново,BG321
06954,Буковец,с.,VID09,000159508,Видин,BG311
06968,Буковец,с.,VRC08,000193058,Враца,BG313
06971,Буковец,с.,MON07,000320580,Монтана,BG312
06985,Буковец,с.,SFO43,000776502,София,BG412
06999,Буковлък,с.,PVN24,000413974,Плевен,BG314
07003,Буково,с.,BLG11,000024745,Благоевград,BG413
07017,Буково,с.,SML16,000614984,Смолян,BG424
07020,Букоровци,с.,SFO09,000776160,София,BG412
07034,Булаир,с.,VAR13,000093517,Варна,BG331
07048,Буново,с.,KNL29,000261517,Кюстендил,BG415
07051,Буново,с.,SFO56,000777248,София,BG412
07065,Бураново,с.,KNL27,000261491,Кюстендил,BG415
07079,Бургас,гр.,BGS04,000056814,Бургас,BG341
07082,Буря,с.,GAB29,000215889,Габрово,BG322
07096,Бусинци,с.,PER51,000386790,Перник,BG414
07106,Бусманци,с.,SOF46,000696327,София (столица),BG411
07116,Бутан,с.,VRC20,000193250,Враца,BG313
07123,Бутово,с.,VTR22,000133901,Велико Търново,BG321
07137,Бутроинци,с.,PER51,000386790,Перник,BG414
07140,Бухово,гр.,SOF46,000696327,София (столица),BG411
07154,Буховци,с.,TGV35,000875920,Търговище,BG334
07168,Бучино,с.,BLG03,000024695,Благоевград,BG413
07171,Бучин проход,с.,SFO26,000776363,София,BG412
07185,Бучуковци,с.,GAB12,000215729,Габрово,BG322
07199,Бъдеще,с.,SZR31,000818022,Стара Загора,BG344
07209,Бъзовец,с.,MON11,000320648,Монтана,BG312
07212,Бъзовец,с.,RSE08,000530529,Русе,BG323
07226,Бъзовица,с.,KNL50,000261655,Кюстендил,BG415
07231,Бъзън,с.,RSE27,000530632,Русе,BG323
07243,Българаново,с.,TGV22,000875817,Търговище,BG334
07257,Българево,с.,DOB17,000852697,Добрич,BG332
07260,Българене,с.,LOV18,000291591,Ловеч,BG315
07274,Българене,с.,PVN16,000413814,Плевен,BG314
07288,Българене,с.,SZR27,000817956,Стара Загора,BG344
07291,Българи,с.,BGS13,000057097,Бургас,BG341
07315,Българин,с.,HKV33,000903939,Хасково,BG422
07329,Българка,с.,SLS31,000565537,Силистра,BG325
07332,Българово,гр.,BGS04,000056814,Бургас,BG341
07346,Българска поляна,с.,HKV32,000970464,Хасково,BG422
07357,Български извор,с.,LOV33,000291698,Ловеч,BG315
07363,Българско Сливово,с.,VTR28,000133965,Велико Търново,BG321
07377,Българчево,с.,BLG03,000024695,Благоевград,BG413
07380,Бънзарето,с.,SZR22,000817867,Стара Загора,BG344
07394,Бърдарево,с.,VAR13,000093517,Варна,BG331
07404,Бърдарите,с.,GAB35,000215946,Габрово,BG322
07418,Бърдарски геран,с.,VRC08,000193058,Враца,BG313
07421,Бърдени,с.,GAB35,000215946,Габрово,BG322
07435,Бърдо,с.,SFO20,000776299,София,BG412
07452,Бърдоква,с.,RAZ14,000505821,Разград,BG324
07472,Бърза река,с.,KRZ35,000236164,Кърджали,BG425
07497,Бързина,с.,VRC35,000193551,Враца,BG313
07507,Бързица,с.,VAR24,000093638,Варна,BG331
07510,Бързия,с.,MON02,000320559,Монтана,BG312
07524,Бъркач,с.,PVN11,000413732,Плевен,BG314
07538,Бъркачево,с.,VRC08,000193058,Враца,BG313
07541,Бърложница,с.,SFO45,000776517,София,BG412
07555,Бърля,с.,SFO09,000776160,София,BG412
07569,Бърчево,с.,SML27,000615075,Смолян,BG424
07572,Бъта,с.,PAZ20,000351743,Пазарджик,BG423
07586,Бяга,с.,PAZ06,000351565,Пазарджик,BG423
07598,Бяла,гр.,VAR05,000093435,Варна,BG331
07603,Бяла,гр.,RSE04,000530493,Русе,BG323
07613,Бяла,с.,SLV20,000590654,Сливен,BG342
07627,Бяла вода,с.,BGS12,000057086,Бургас,BG341
07630,Бяла вода,с.,PVN03,000413579,Плевен,BG314
07644,Бяла паланка,с.,SLV24,000590704,Сливен,BG342
07658,Бяла поляна,с.,KRZ16,000235920,Кърджали,BG425
07661,Бяла река,с.,VTR32,000133997,Велико Търново,BG321
07675,Бяла река,с.,PDV23,000471536,Пловдив,BG421
07689,Бяла река,с.,SML27,000615075,Смолян,BG424
07692,Бяла река,с.,SHU10,000931415,Шумен,BG333
07702,Бяла Слатина,гр.,VRC08,000193058,Враца,BG313
07716,Бяла черква,гр.,VTR22,000133901,Велико Търново,BG321
07729,Бял бряг,с.,SHU25,000931657,Шумен,BG333
07733,Бялградец,с.,HKV11,000235870,Хасково,BG422
07747,Бял извор,с.,KRZ02,000235750,Кърджали,BG425
07750,Бял извор,с.,SZR23,000817917,Стара Загора,BG344
07764,Бялка,с.,KRZ16,000235920,Кърджали,BG425
07778,Бял кладенец,с.,SLV16,000590597,Сливен,BG342
07781,Бял кладенец,с.,HKV30,000904261,Хасково,BG422
07795,Бялково,с.,GAB05,000215630,Габрово,BG322
07805,Бялковци,с.,VTR13,000133762,Велико Търново,BG321
07819,Бяло поле,с.,SZR23,000817917,Стара Загора,BG344
07822,Бунцево,с.,BLG53,000025039,Благоевград,BG413
07836,Биркова,с.,PAZ08,000351580,Пазарджик,BG423
07853,Бозьова,с.,PAZ08,000351580,Пазарджик,BG423
07867,Бутрева,с.,PAZ08,000351580,Пазарджик,BG423
07870,Бор,с.,PDV01,000471059,Пловдив,BG421
07884,Бабинци,с.,LOV33,000291698,Ловеч,BG315
07908,Бойчета,с.,GAB05,000215630,Габрово,BG322
07911,Бурево,с.,SML18,000615043,Смолян,BG424
07925,Богатино,с.,KRZ02,000235750,Кърджали,BG425
07939,Брежана,с.,KRZ08,000235831,Кърджали,BG425
07942,Брегово,с.,KRZ14,000235888,Кърджали,BG425
07960,Белица,с.,SFO20,000776299,София,BG412
10015,Вазово,с.,RAZ14,000505821,Разград,BG324
10029,Вакарел,с.,SFO20,000776299,София,BG412
10032,Ваклино,с.,DOB29,000852957,Добрич,BG332
10046,Ваклиново,с.,BLG42,000024962,Благоевград,BG413
10050,Ваксево,с.,KNL31,000261541,Кюстендил,BG415
10063,Валето,с.,VTR13,000133762,Велико Търново,BG321
10080,Варана,с.,PVN16,000413814,Плевен,BG314
10094,Варвара,с.,BGS13,000057097,Бургас,BG341
10104,Варвара,с.,PAZ29,000351825,Пазарджик,BG423
10118,Вардим,с.,VTR28,000133965,Велико Търново,BG321
10121,Вардун,с.,TGV35,000875920,Търговище,BG334
10135,Варна,гр.,VAR06,000093442,Варна,BG331
10149,Варненци,с.,SLS34,000565626,Силистра,BG325
10152,Варник,с.,HKV28,000903825,Хасково,BG422
10166,Варовник,с.,BGS06,000056878,Бургас,BG341
10176,Васил Друмев,с.,SHU30,000931721,Шумен,BG333
10183,Василево,с.,DOB12,000852633,Добрич,BG332
10207,Васил Левски,с.,PDV13,000471365,Пловдив,BG421
10210,Васил Левски,с.,SLS01,000565359,Силистра,BG325
10224,Васил Левски,с.,SZR23,000817917,Стара Загора,BG344
10238,Васил Левски,с.,TGV35,000875920,Търговище,BG334
10255,Василовци,с.,MON07,000320580,Монтана,BG312
10269,Василовци,с.,SFO16,000776235,София,BG412
10272,Васильово,с.,LOV33,000291698,Ловеч,BG315
10286,Васково,с.,HKV17,000903686,Хасково,BG422
10291,Ведраре,с.,PDV13,000471365,Пловдив,BG421
10307,Ведрина,с.,DOB15,000852188,Добрич,BG332
10313,Ведрово,с.,BGS23,000057250,Бургас,BG341
10327,Везенково,с.,BGS23,000057250,Бургас,BG341
10330,Векилски,с.,SHU21,000931568,Шумен,BG333
10344,Веленци,с.,GAB35,000215946,Габрово,BG322
10358,Велешани,с.,KRZ16,000235920,Кърджали,BG425
10361,Велика,с.,BGS13,000057097,Бургас,BG341
10375,Великан,с.,HKV09,000903533,Хасково,BG422
10389,Великденче,с.,KRZ08,000235831,Кърджали,BG425
10392,Великденче,с.,TGV22,000875817,Търговище,BG334
10416,Великово,с.,SZR07,000817696,Стара Загора,BG344
10422,Великово,с.,DOB12,000852633,Добрич,BG332
10433,Великовци,с.,TGV02,000875557,Търговище,BG334
10447,Велико Търново,гр.,VTR04,000133634,Велико Търново,BG321
10450,Велинград,гр.,PAZ08,000351580,Пазарджик,BG423
10464,Велино,с.,SHU30,000931721,Шумен,BG333
10478,Велиново,с.,PER51,000386790,Перник,BG414
10481,Величка,с.,TGV22,000875817,Търговище,BG334
10495,Величково,с.,VAR16,000093524,Варна,BG331
10505,Величково,с.,PAZ19,000351736,Пазарджик,BG423
10519,Велково,с.,GAB35,000215946,Габрово,BG322
10522,Велковци,с.,VTR13,000133762,Велико Търново,BG321
10536,Велковци,с.,GAB05,000215630,Габрово,BG322
10548,Велковци,с.,PER08,000386559,Перник,BG414
10553,Велчево,с.,VTR04,000133634,Велико Търново,BG321
10567,Велчево,с.,LOV02,000291627,Ловеч,BG315
10570,Велчовци,с.,GAB35,000215946,Габрово,BG322
10584,Вельово,с.,TGV02,000875557,Търговище,BG334
10598,Велювци,с.,VTR13,000133762,Велико Търново,BG321
10608,Велющец,с.,BLG49,000024713,Благоевград,BG413
10611,Венелин,с.,VAR13,000093517,Варна,BG331
10625,Венец,с.,BGS09,000057026,Бургас,BG341
10639,Венец,с.,SZR23,000817917,Стара Загора,BG344
10642,Венец,с.,SHU07,000931397,Шумен,BG333
10656,Венковец,с.,SFO20,000776299,София,BG412
10663,Венчан,с.,VAR24,000093638,Варна,BG331
10673,Верен,с.,SZR04,000817568,Стара Загора,BG344
10687,Веренци,с.,TGV22,000875817,Търговище,BG334
10690,Веринско,с.,SFO20,000776299,София,BG412
10700,Верско,с.,KRZ35,000236164,Кърджали,BG425
10714,Веселец,с.,RAZ11,000505814,Разград,BG324
10728,Веселец,с.,TGV22,000875817,Търговище,BG334
10731,Веселие,с.,BGS27,102164063,Бургас,BG341
10745,Веселина,с.,VTR13,000133762,Велико Търново,BG321
10759,Веселина,с.,RAZ17,000505853,Разград,BG324
10762,Веселиново,с.,SHU25,000931657,Шумен,BG333
10776,Веселиново,с.,JAM25,000970457,Ямбол,BG343
10789,Веслец,с.,VRC10,000193115,Враца,BG313
10803,Ветово,гр.,RSE05,000530504,Русе,BG323
10817,Ветрен,с.,KNL31,000261541,Кюстендил,BG415
10820,Ветрен,гр.,PAZ29,000351825,Пазарджик,BG423
10834,Ветрен,с.,SLS31,000565537,Силистра,BG325
10848,Ветрен,с.,SZR22,000817867,Стара Загора,BG344
10851,Ветрен дол,с.,PAZ29,000351825,Пазарджик,BG423
10865,Ветрино,с.,VAR08,000093458,Варна,BG331
10879,Ветринци,с.,VTR04,000133634,Велико Търново,BG321
10882,Ветрище,с.,SHU30,000931721,Шумен,BG333
10896,Ветрово,с.,GAB05,000215630,Габрово,BG322
10906,Ветрушка,с.,HKV11,000235870,Хасково,BG422
10910,Вехтино,с.,SML16,000614984,Смолян,BG424
10923,Вехтово,с.,SHU30,000931721,Шумен,BG333
10937,Вещица,с.,VID01,000159458,Видин,BG311
10954,Виден,с.,SZR24,000817931,Стара Загора,BG344
10971,Видин,гр.,VID09,000159508,Видин,BG311
10985,Видинци,с.,JAM25,000970457,Ямбол,BG343
10999,Видлица,с.,MON14,000320694,Монтана,BG312
11003,Видно,с.,DOB17,000852697,Добрич,BG332
11017,Видрар,с.,PER51,000386790,Перник,BG414
11020,Видраре,с.,SFO34,000776477,София,BG412
11034,Видрица,с.,PER08,000386559,Перник,BG414
11048,Виево,с.,SML31,000615118,Смолян,BG424
11051,Визица,с.,BGS12,000057086,Бургас,BG341
11065,Виларе,с.,VTR04,000133634,Велико Търново,BG321
11079,Винарово,с.,VID30,000159643,Видин,BG311
11082,Винарово,с.,SZR36,000818086,Стара Загора,BG344
11096,Винарско,с.,BGS08,000057001,Бургас,BG341
11106,Винево,с.,HKV19,000903743,Хасково,BG422
11123,Виница,с.,PDV23,000471536,Пловдив,BG421
11137,Винище,с.,MON29,000320872,Монтана,BG312
11140,Виноград,с.,VTR31,000133972,Велико Търново,BG321
11154,Виноградец,с.,PAZ29,000351825,Пазарджик,BG423
11168,Виногради,с.,BLG40,000024955,Благоевград,BG413
11171,Вирове,с.,MON29,000320872,Монтана,BG312
11185,Вировско,с.,VRC10,000193115,Враца,BG313
11199,Вис,с.,HKV11,000235870,Хасково,BG422
11209,Вискяр,с.,PER32,000386751,Перник,BG414
11212,Висок,с.,TGV22,000875817,Търговище,BG334
11226,Висока,с.,KRZ16,000235920,Кърджали,BG425
11232,Висока могила,с.,KNL05,000261370,Кюстендил,BG415
11243,Висока поляна,с.,KRZ16,000235920,Кърджали,BG425
11257,Висока поляна,с.,SHU11,000931422,Шумен,BG333
11260,Високите,с.,SML16,000614984,Смолян,BG424
11274,Високовци,с.,VTR13,000133762,Велико Търново,BG321
11288,Витановци,с.,PER32,000386751,Перник,BG414
11301,Витина,с.,SML27,000615075,Смолян,BG424
11315,Вихрен,с.,BLG40,000024955,Благоевград,BG413
11329,Вичово,с.,DOB12,000852633,Добрич,BG332
11332,Вишан,с.,SFO16,000776235,София,BG412
11346,Вишеград,с.,KRZ16,000235920,Кърджали,BG425
11358,Вишлене,с.,BLG33,000024916,Благоевград,BG413
11363,Вишна,с.,BGS18,000057211,Бургас,BG341
11377,Вишнево,с.,SML02,000614952,Смолян,BG424
11380,Вишовград,с.,VTR22,000133901,Велико Търново,BG321
11394,Владая,с.,SOF46,000696327,София (столица),BG411
11404,Владимир,с.,PER36,000386776,Перник,BG414
11418,Владимирово,с.,MON04,000320566,Монтана,BG312
11421,Владимирово,с.,DOB15,000852188,Добрич,BG332
11435,Владимирово,с.,HKV32,000970464,Хасково,BG422
11449,Владимировци,с.,RAZ29,000505928,Разград,BG324
11452,Владиня,с.,LOV18,000291591,Ловеч,BG315
11466,Владислав,с.,VTR31,000133972,Велико Търново,BG321
11483,Владиславци,с.,SFO16,000776235,София,BG412
11497,Владиченци,с.,VID16,000159554,Видин,BG311
11507,Владовци,с.,GAB35,000215946,Габрово,BG322
11510,Владо Тричков,с.,SFO43,000776502,София,BG412
11524,Влайчовци,с.,GAB05,000215630,Габрово,BG322
11538,Свети Влас,гр.,BGS15,000057122,Бургас,BG341
11541,Власатили,с.,GAB35,000215946,Габрово,BG322
11555,Власатица,с.,VRC10,000193115,Враца,BG313
11569,Влахи,с.,BLG28,000024720,Благоевград,BG413
11572,Влахово,с.,SML31,000615118,Смолян,BG424
11586,Влаховци,с.,GAB05,000215630,Габрово,BG322
11604,Водата,с.,SML31,000615118,Смолян,BG424
11613,Водач,с.,KRZ35,000236164,Кърджали,BG425
11627,Воден,с.,PDV23,000471536,Пловдив,BG421
11644,Воден,с.,HKV09,000903533,Хасково,BG422
11658,Воден,с.,JAM03,000970051,Ямбол,BG343
11661,Воденичане,с.,JAM22,000970432,Ямбол,BG343
11675,Воденичарово,с.,SZR31,000818022,Стара Загора,BG344
11689,Воденичарско,с.,KRZ08,000235831,Кърджали,BG425
11692,Воденци,с.,HKV30,000904261,Хасково,BG422
11702,Водица,с.,VAR02,000093385,Варна,BG331
11716,Водица,с.,TGV24,000875856,Търговище,BG334
11720,Водна,с.,VID15,000159531,Видин,BG311
11733,Водни пад,с.,SML09,000614895,Смолян,BG424
11750,Водно,с.,VTR31,000133972,Велико Търново,BG321
11764,Водно,с.,SLS10,000565416,Силистра,BG325
11778,Воднянци,с.,VID16,000159554,Видин,BG311
11781,Воднянци,с.,DOB15,000852188,Добрич,BG332
11795,Водолей,с.,VTR04,000133634,Велико Търново,BG321
11805,Вождово,с.,KRZ35,000236164,Кърджали,BG425
11819,Войвода,с.,SHU22,000931575,Шумен,BG333
11822,Войводенец,с.,HKV30,000904261,Хасково,BG422
11836,Войводино,с.,VAR09,000093474,Варна,BG331
11845,Войводиново,с.,PDV17,000472182,Пловдив,BG421
11853,Войводово,с.,VRC28,000193088,Враца,BG313
11867,Войводово,с.,HKV34,000903946,Хасково,BG422
11870,Войкова лъка,с.,SML27,000615075,Смолян,BG424
11884,Войнеговци,с.,SOF46,000696327,София (столица),BG411
11898,Войнежа,с.,VTR04,000133634,Велико Търново,BG321
11908,Войника,с.,JAM22,000970432,Ямбол,BG343
11911,Войниково,с.,DOB27,000852925,Добрич,BG332
11925,Войница,с.,VID09,000159508,Видин,BG311
11939,Войници,с.,MON29,000320872,Монтана,BG312
11956,Войниците,с.,GAB35,000215946,Габрово,BG322
11960,Войнишка,с.,GAB29,000215889,Габрово,BG322
11987,Войново,с.,KRZ35,000236164,Кърджали,BG425
11990,Войново,с.,SLS15,000565430,Силистра,BG325
12005,Войнягово,с.,PDV13,000471365,Пловдив,BG421
12019,Войсил,с.,PDV17,000472182,Пловдив,BG421
12022,Вокил,с.,SLS10,000565416,Силистра,BG325
12036,Волно,с.,BLG33,000024916,Благоевград,BG413
12042,Воловарово,с.,SZR36,000818086,Стара Загора,BG344
12053,Воловарци,с.,KRZ16,000235920,Кърджали,BG425
12067,Волово,с.,RSE03,000530479,Русе,BG323
12084,Волуяк,с.,SOF46,000696327,София (столица),BG411
12098,Вонеща вода,с.,VTR04,000133634,Велико Търново,BG321
12108,Врабево,с.,LOV34,000291709,Ловеч,BG315
12111,Врабците,с.,GAB05,000215630,Габрово,BG322
12139,Врабча,с.,PER51,000386790,Перник,BG414
12142,Вракуповица,с.,BLG49,000024713,Благоевград,BG413
12156,Врани кон,с.,TGV22,000875817,Търговище,BG334
12168,Враниловци,с.,GAB05,000215630,Габрово,BG322
12173,Вранино,с.,DOB17,000852697,Добрич,BG332
12187,Вранинци,с.,SML16,000614984,Смолян,BG424
12190,Вранско,с.,KRZ15,000235913,Кърджали,BG425
12200,Враня,с.,BLG40,000024955,Благоевград,BG413
12214,Враняк,с.,VRC08,000193058,Враца,BG313
12228,Враня стена,с.,PER19,000386662,Перник,BG414
12231,Вратарите,с.,DOB15,000852188,Добрич,BG332
12245,Вратица,с.,BGS08,000057001,Бургас,BG341
12259,Враца,гр.,VRC10,000193115,Враца,BG313
12262,Врачанци,с.,DOB15,000852188,Добрич,BG332
12283,Врачеш,с.,SFO07,000776089,София,BG412
12293,Врело,с.,KRZ21,000235984,Кърджали,BG425
12303,Вресово,с.,BGS18,000057211,Бургас,BG341
12317,Връв,с.,VID06,000159489,Видин,BG311
12320,Връдловци,с.,SFO09,000776160,София,BG412
12334,Всемирци,с.,PAZ08,000351580,Пазарджик,BG423
12348,Вукан,с.,PER51,000386790,Перник,BG414
12351,Вуково,с.,KNL05,000261370,Кюстендил,BG415
12365,Въбел,с.,PVN21,000413885,Плевен,BG314
12382,Въгларово,с.,HKV34,000903946,Хасково,BG422
12396,Въглевци,с.,VTR04,000133634,Велико Търново,BG321
12406,Въглен,с.,VAR02,000093385,Варна,BG331
12414,Въглен,с.,SLV20,000590654,Сливен,BG342
12423,Възел,с.,KRZ35,000236164,Кърджали,BG425
12440,Вълкан,с.,SLS07,000565380,Силистра,BG325
12454,Вълков дол,с.,GAB05,000215630,Габрово,BG322
12468,Вълкович,с.,KRZ08,000235831,Кърджали,BG425
12471,Вълково,с.,BLG40,000024955,Благоевград,BG413
12485,Вълковци,с.,GAB35,000215946,Габрово,BG322
12499,Вълкосел,с.,BLG42,000024962,Благоевград,BG413
12509,Вълнари,с.,SHU21,000931568,Шумен,BG333
12512,Вълчан,с.,SML31,000615118,Смолян,BG424
12526,Вълчан дол,с.,SML02,000614952,Смолян,BG424
12530,Вълча поляна,с.,JAM07,000970165,Ямбол,BG343
12543,Вълчедръм,гр.,MON11,000320648,Монтана,BG312
12557,Вълчек,с.,VID25,000159636,Видин,BG311
12560,Вълче поле,с.,HKV17,000903686,Хасково,BG422
12574,Вълчи дол,гр.,VAR09,000093474,Варна,BG331
12588,Вълчи извор,с.,JAM03,000970051,Ямбол,BG343
12591,Вълчин,с.,BGS23,000057250,Бургас,BG341
12601,Вълчитрън,с.,PVN27,000413999,Плевен,BG314
12615,Вълчовци,с.,VTR13,000133762,Велико Търново,BG321
12629,Вълчовци,с.,VTR13,000133762,Велико Търново,BG321
12632,Върба,с.,VID01,000159458,Видин,BG311
12655,Върба,с.,SML16,000614984,Смолян,BG424
12663,Върбак,с.,SHU11,000931422,Шумен,BG333
12677,Царева ливада,с.,GAB12,000215729,Габрово,BG322
12680,Върбен,с.,PDV07,000471123,Пловдив,BG421
12694,Върбенци,с.,KRZ16,000235920,Кърджали,BG425
12704,Върбешница,с.,VRC27,000193371,Враца,BG313
12718,Върбина,с.,SML16,000614984,Смолян,BG424
12721,Върбино,с.,SLS10,000565416,Силистра,BG325
12735,Върбица,с.,VTR06,000133673,Велико Търново,BG321
12749,Върбица,с.,VRC10,000193115,Враца,BG313
12752,Върбица,с.,PVN24,000413974,Плевен,BG314
12766,Върбица,гр.,SHU10,000931415,Шумен,BG333
12770,Върбница,с.,SFO09,000776160,София,BG412
12783,Върбовка,с.,VTR22,000133901,Велико Търново,BG321
12797,Върбово,с.,VID37,000159700,Видин,BG311
12807,Върбово,с.,SML31,000615118,Смолян,BG424
12810,Върбово,с.,HKV33,000903939,Хасково,BG422
12824,Върбовчец,с.,VID16,000159554,Видин,BG311
12838,Върбяне,с.,SHU19,000931511,Шумен,BG333
12841,Въргов дол,с.,SML16,000614984,Смолян,BG424
12855,Вързилковци,с.,VTR13,000133762,Велико Търново,BG321
12869,Вързулица,с.,VTR26,000133933,Велико Търново,BG321
12886,Върли дол,с.,KRZ14,000235888,Кърджали,BG425
12896,Върли дол,с.,SML18,000615043,Смолян,BG424
12913,Върлинка,с.,VTR04,000133634,Велико Търново,BG321
12927,Върлино,с.,SML18,000615043,Смолян,BG424
12958,Въртоп,с.,VID09,000159508,Видин,BG311
12961,Вършец,гр.,MON12,000320655,Монтана,BG312
12975,Вършило,с.,BGS21,000057236,Бургас,BG341
12989,Враненци,с.,PAZ08,000351580,Пазарджик,BG423
12992,Врата,с.,PDV01,000471059,Пловдив,BG421
13055,Вълчанка,с.,KRZ14,000235888,Кърджали,BG425
13069,Валевци,с.,GAB29,000215889,Габрово,BG322
14012,Габаре,с.,VRC08,000193058,Враца,BG313
14026,Габарево,с.,SZR24,000817931,Стара Загора,BG344
14034,Габер,с.,SFO16,000776235,София,BG412
14043,Габер,с.,DOB20,000852754,Добрич,BG332
14057,Габерово,с.,BGS17,000057179,Бургас,BG341
14060,Габерово,с.,HKV18,000903693,Хасково,BG422
14074,Габра,с.,SFO17,000776242,София,BG412
14088,Габрака,с.,VTR13,000133762,Велико Търново,BG321
14091,Габрене,с.,BLG33,000024916,Благоевград,BG413
14101,Габрешевци,с.,KNL50,000261655,Кюстендил,BG415
14115,Габрина,с.,SML16,000614984,Смолян,BG424
14129,Габрица,с.,SML31,000615118,Смолян,BG424
14132,Габрица,с.,SHU07,000931397,Шумен,BG333
14146,Габровдол,с.,PER19,000386662,Перник,BG414
14163,Габровица,с.,PAZ04,000351558,Пазарджик,BG423
14180,Габровница,с.,MON29,000320872,Монтана,BG312
14194,Габровница,с.,SFO43,000776502,София,BG412
14204,Габрово,с.,BLG03,000024695,Благоевград,BG413
14218,Габрово,гр.,GAB05,000215630,Габрово,BG322
14221,Габрово,с.,KRZ35,000236164,Кърджали,BG425
14235,Габровци,с.,VTR04,000133634,Велико Търново,BG321
14249,Габър,с.,BGS21,000057236,Бургас,BG341
14252,Габърница,с.,VAR08,000093458,Варна,BG331
14275,Гавраилово,с.,SLV20,000590654,Сливен,BG342
14283,Гаврил Геново,с.,MON14,000320694,Монтана,BG312
14297,Гаганица,с.,MON02,000320559,Монтана,BG312
14307,Гагово,с.,TGV24,000875856,Търговище,BG334
14310,Гайдари,с.,GAB35,000215946,Габрово,BG322
14324,Гайкини,с.,GAB05,000215630,Габрово,BG322
14338,Гайтанево,с.,SFO10,000776178,София,BG412
14341,Гайтаниново,с.,BLG52,000025014,Благоевград,BG413
14355,Гайтаните,с.,GAB05,000215630,Габрово,BG322
14369,Гайтанци,с.,VID09,000159508,Видин,BG311
14386,Галата,с.,LOV33,000291698,Ловеч,BG315
14390,Галатин,с.,VRC21,000193282,Враца,BG313
14406,Галиче,с.,VRC08,000193058,Враца,BG313
14413,Галище,с.,SML16,000614984,Смолян,BG424
14427,Галово,с.,VRC31,000193414,Враца,BG313
14430,Ганев дол,с.,VTR13,000133762,Велико Търново,BG321
14458,Ганчовец,с.,GAB12,000215729,Габрово,BG322
14461,Бов,с.,SFO43,000776502,София,BG412
14475,Лакатник,с.,SFO43,000776502,София,BG412
14489,Орешец,с.,VID16,000159554,Видин,BG311
14492,Кресна,гр.,BLG28,000024720,Благоевград,BG413
14516,Хитрино,с.,SHU11,000931422,Шумен,BG333
14521,Златарица,с.,BLG02,000024688,Благоевград,BG413
14533,Гарван,с.,GAB05,000215630,Габрово,BG322
14547,Гарван,с.,SLS32,000565544,Силистра,BG325
14550,Гарваново,с.,HKV34,000903946,Хасково,BG422
14578,Гащевци,с.,VTR04,000133634,Велико Търново,BG321
14581,Гега,с.,BLG33,000024916,Благоевград,BG413
14605,Гела,с.,SML31,000615118,Смолян,BG424
14619,Гелеменово,с.,PAZ19,000351736,Пазарджик,BG423
14647,Генерал Гешево,с.,KRZ08,000235831,Кърджали,BG425
14653,Генерал Кантарджиево,с.,VAR02,000093385,Варна,BG331
14667,Генерал Киселово,с.,VAR09,000093474,Варна,BG331
14670,Генерал Колево,с.,VAR09,000093474,Варна,BG331
14684,Генерал Колево,с.,DOB15,000852188,Добрич,BG332
14698,Генерал Мариново,с.,VID09,000159508,Видин,BG311
14708,Генералово,с.,HKV28,000903825,Хасково,BG422
14711,Генерал Тошево,гр.,DOB12,000852633,Добрич,BG332
14725,Генерал Тошево,с.,JAM25,000970457,Ямбол,BG343
14742,Геновци,с.,GAB05,000215630,Габрово,BG322
14756,Генчовци,с.,GAB05,000215630,Габрово,BG322
14762,Геня,с.,GAB12,000215729,Габрово,BG322
14773,Георги Дамяново,с.,MON14,000320694,Монтана,BG312
14787,Георги Добрево,с.,HKV17,000903686,Хасково,BG422
14800,Гергевец,с.,SLV20,000590654,Сливен,BG342
14814,Гергини,с.,GAB05,000215630,Габрово,BG322
14831,Герман,с.,SOF46,000696327,София (столица),BG411
14859,Геша,с.,GAB12,000215729,Габрово,BG322
14862,Гешаново,с.,DOB15,000852188,Добрич,BG332
14876,Гиген,с.,PVN08,000413691,Плевен,BG314
14888,Искър,с.,PVN08,000413691,Плевен,BG314
14893,Гигинци,с.,PER08,000386559,Перник,BG414
14903,Гинци,с.,SFO09,000776160,София,BG412
14917,Гирчевци,с.,KNL29,000261517,Кюстендил,BG415
14920,Гита,с.,SZR36,000818086,Стара Загора,BG344
14934,Глава,с.,PVN37,000414154,Плевен,BG314
14948,Главан,с.,SLS31,000565537,Силистра,BG325
14951,Главан,с.,SZR07,000817696,Стара Загора,BG344
14965,Главановци,с.,MON14,000320694,Монтана,BG312
14979,Главановци,с.,PER51,000386790,Перник,BG414
14982,Главанци,с.,DOB27,000852925,Добрич,BG332
14996,Главатар,с.,PDV12,000471340,Пловдив,BG421
15000,Главатарци,с.,KRZ16,000235920,Кърджали,BG425
15014,Главаци,с.,VRC21,000193282,Враца,BG313
15028,Главиница,с.,PAZ19,000351736,Пазарджик,BG423
15031,Главиница,гр.,SLS07,000565380,Силистра,BG325
15045,Глашатай,с.,TGV02,000875557,Търговище,BG334
15059,Гледаци,с.,GAB05,000215630,Габрово,BG322
15062,Гледачево,с.,SZR27,000817956,Стара Загора,BG344
15093,Гледка,с.,HKV30,000904261,Хасково,BG422
15103,Глогинка,с.,TGV24,000875856,Търговище,BG334
15117,Глогино,с.,SML02,000614952,Смолян,BG424
15120,Глоговец,с.,VTR13,000133762,Велико Търново,BG321
15134,Глоговица,с.,PER51,000386790,Перник,BG414
15148,Глогово,с.,LOV33,000291698,Ловеч,BG315
15151,Глоджево,гр.,RSE05,000530504,Русе,BG323
15165,Гложене,с.,LOV33,000291698,Ловеч,BG315
15179,Глумово,с.,HKV11,000235870,Хасково,BG422
15182,Глумче,с.,BGS09,000057026,Бургас,BG341
15196,Глутниците,с.,GAB35,000215946,Габрово,BG322
15206,Глуфишево,с.,SLV20,000590654,Сливен,BG342
15216,Глухар,с.,KRZ16,000235920,Кърджали,BG425
15223,Глушка,с.,GAB12,000215729,Габрово,BG322
15237,Глушник,с.,SLV20,000590654,Сливен,BG342
15240,Гнездаре,с.,HKV11,000235870,Хасково,BG422
15268,Гняздово,с.,KRZ16,000235920,Кърджали,BG425
15271,Говедаре,с.,PAZ19,000351736,Пазарджик,BG423
15285,Говедарци,с.,SFO39,000776491,София,BG412
15299,Говежда,с.,MON14,000320694,Монтана,BG312
15309,Годеч,гр.,SFO09,000776160,София,BG412
15312,Годешево,с.,BLG42,000024962,Благоевград,BG413
15326,Годлево,с.,BLG37,000024948,Благоевград,BG413
15331,Гоз,с.,PER08,000386559,Перник,BG414
15343,Гоздевица,с.,SML31,000615118,Смолян,BG424
15357,Гоздейка,с.,GAB12,000215729,Габрово,BG322
15374,Голак,с.,SFO25,000776349,София,BG412
15391,Големани,с.,VTR13,000133762,Велико Търново,BG321
15401,Големаните,с.,VTR04,000133634,Велико Търново,BG321
15415,Големаново,с.,VID22,000159629,Видин,BG311
15429,Големанци,с.,HKV34,000903946,Хасково,BG422
15432,Голема Раковица,с.,SFO17,000776242,София,BG412
15446,Голема Фуча,с.,KNL04,000261363,Кюстендил,BG415
15457,Голям Върбовник,с.,KNL04,000261363,Кюстендил,BG415
15463,Големи Българени,с.,GAB12,000215729,Габрово,BG322
15480,Големи Станчовци,с.,GAB35,000215946,Габрово,BG322
15494,Големо Бабино,с.,VRC21,000193282,Враца,BG313
15504,Големо Бучино,с.,PER32,000386751,Перник,BG414
15518,Големо Малово,с.,SFO16,000776235,София,BG412
15521,Голямо Пещене,с.,VRC10,000193115,Враца,BG313
15535,Големо село,с.,KNL04,000261363,Кюстендил,BG415
15549,Голем Цалим,с.,BLG40,000024955,Благоевград,BG413
15552,Голец,с.,LOV36,000291716,Ловеч,BG315
15566,Голеш,с.,SLS15,000565430,Силистра,BG325
15572,Голеш,с.,SFO09,000776160,София,BG412
15583,Голешово,с.,BLG40,000024955,Благоевград,BG413
15597,Голица,с.,VAR13,000093517,Варна,BG331
15607,Голобрад,с.,KRZ02,000235750,Кърджали,BG425
15610,Голобрадово,с.,HKV30,000904261,Хасково,BG422
15638,Гълъбово,с.,BLG02,000024688,Благоевград,BG413
15641,Голяма бара,с.,KRZ16,000235920,Кърджали,BG425
15655,Голяма Брестница,с.,LOV38,000291723,Ловеч,BG315
15669,Голяма вода,с.,RAZ29,000505928,Разград,BG324
15698,Голяма долина,с.,HKV18,000903693,Хасково,BG422
15703,Голяма Желязна,с.,LOV34,000291709,Ловеч,BG315
15713,Голяма Чинка,с.,KRZ15,000235913,Кърджали,BG425
15727,Голям Девесил,с.,KRZ15,000235913,Кърджали,BG425
15730,Голям Дервент,с.,JAM07,000970165,Ямбол,BG343
15744,Голям дол,с.,SZR04,000817568,Стара Загора,BG344
15758,Голям извор,с.,LOV33,000291698,Ловеч,BG315
15761,Голям извор,с.,RAZ29,000505928,Разград,BG324
15775,Голям извор,с.,HKV30,000904261,Хасково,BG422
15789,Голям манастир,с.,JAM25,000970457,Ямбол,BG343
15792,Голямо Асеново,с.,HKV09,000903533,Хасково,BG422
15802,Голямо Белово,с.,PAZ04,000351558,Пазарджик,BG423
15816,Голямо Буково,с.,BGS06,000056878,Бургас,BG341
15829,Голямо Враново,с.,RSE33,000530657,Русе,BG323
15833,Голямо градище,с.,TGV23,000875824,Търговище,BG334
15850,Голямо Доляне,с.,TGV02,000875557,Търговище,BG334
15864,Голямо Дряново,с.,SZR12,000817778,Стара Загора,BG344
15878,Голямо Каменяне,с.,KRZ15,000235913,Кърджали,BG425
15881,Голямо Крушево,с.,JAM03,000970051,Ямбол,BG343
15895,Голямо ново,с.,TGV35,000875920,Търговище,BG334
15919,Голямо Соколово,с.,TGV35,000875920,Търговище,BG334
15922,Голямо църквище,с.,TGV22,000875817,Търговище,BG334
15936,Голямо Чочовени,с.,SLV20,000590654,Сливен,BG342
15944,Шивачево,гр.,SLV24,000590704,Сливен,BG342
15953,Голям Поровец,с.,RAZ14,000505821,Разград,BG324
15967,Подгорец,с.,BGS18,000057211,Бургас,BG341
15970,Голям чардак,с.,PDV33,000471640,Пловдив,BG421
15984,Голяновци,с.,SFO26,000776363,София,BG412
15998,Гомотарци,с.,VID09,000159508,Видин,BG311
16002,Горан,с.,LOV18,000291591,Ловеч,BG315
16016,Горановци,с.,VTR04,000133634,Велико Търново,BG321
16026,Горановци,с.,KNL29,000261517,Кюстендил,BG415
16033,Гореме,с.,BLG49,000024713,Благоевград,BG413
16047,Горен Еневец,с.,VTR04,000133634,Велико Търново,BG321
16050,Горен чифлик,с.,VAR13,000093517,Варна,BG331
16064,Горица,с.,BGS17,000057179,Бургас,BG341
16078,Горица,с.,VAR05,000093435,Варна,BG331
16081,Горица,с.,TGV24,000875856,Търговище,BG334
16095,Горичане,с.,DOB29,000852957,Добрич,BG332
16105,Горичево,с.,RAZ16,000505846,Разград,BG324
16119,Горна Бела речка,с.,MON12,000320655,Монтана,BG312
16122,Горна Бешовица,с.,VRC27,000193371,Враца,BG313
16136,Горна Брезница,с.,BLG28,000024720,Благоевград,BG413
16141,Горна Брестница,с.,KNL29,000261517,Кюстендил,BG415
16153,Горна Вереница,с.,MON29,000320872,Монтана,BG312
16167,Горна Врабча,с.,PER19,000386662,Перник,BG414
16170,Горна Глоговица,с.,PER19,000386662,Перник,BG414
16184,Септемврийци,с.,MON11,000320648,Монтана,BG312
16198,Горна Гращица,с.,KNL29,000261517,Кюстендил,BG415
16208,Горна Диканя,с.,PER36,000386776,Перник,BG414
16211,Горна Златица,с.,TGV02,000875557,Търговище,BG334
16225,Горна Кабда,с.,TGV35,000875920,Търговище,BG334
16239,Горна Ковачица,с.,MON36,000320961,Монтана,BG312
16242,Горна Козница,с.,KNL04,000261363,Кюстендил,BG415
16256,Горна Кремена,с.,VRC27,000193371,Враца,BG313
16267,Горна крепост,с.,KRZ16,000235920,Кърджали,BG425
16273,Горна Крушица,с.,BLG49,000024713,Благоевград,BG413
16287,Горна кула,с.,KRZ15,000235913,Кърджали,BG425
16290,Горна Липница,с.,VTR22,000133901,Велико Търново,BG321
16300,Горна Лука,с.,MON36,000320961,Монтана,BG312
16314,Горна Малина,с.,SFO10,000776178,София,BG412
16328,Горна махала,с.,PDV12,000471340,Пловдив,BG421
16331,Горна Мелна,с.,PER51,000386790,Перник,BG414
16345,Горна Митрополия,с.,PVN10,000413725,Плевен,BG314
16359,Горна Оряховица,гр.,VTR06,000133673,Велико Търново,BG321
16362,Горна Рибница,с.,BLG49,000024713,Благоевград,BG413
16376,Горна Росица,с.,GAB29,000215889,Габрово,BG322
16382,Горна Секирна,с.,PER08,000386559,Перник,BG414
16393,Горна Студена,с.,VTR28,000133965,Велико Търново,BG321
16403,Горна Сушица,с.,BLG40,000024955,Благоевград,BG413
16417,Горна Хаджийска,с.,VTR14,000133778,Велико Търново,BG321
16420,Горна Хубавка,с.,TGV22,000875817,Търговище,BG334
16448,Горни Богров,с.,SOF46,000696327,София (столица),BG411
16451,Горни Вадин,с.,VRC31,000193414,Враца,BG313
16479,Горни Върпища,с.,GAB12,000215729,Габрово,BG322
16496,Горни Главанак,с.,HKV18,000903693,Хасково,BG422
16506,Горни Дамяновци,с.,GAB35,000215946,Габрово,BG322
16513,Горни Домлян,с.,PDV13,000471365,Пловдив,BG421
16523,Горни Драгойча,с.,GAB12,000215729,Габрово,BG322
16537,Горни Дъбник,с.,PVN11,000413732,Плевен,BG314
16540,Горник,с.,PVN37,000414154,Плевен,BG314
16554,Горни Коритен,с.,KNL50,000261655,Кюстендил,BG415
16568,Горни край,с.,VTR13,000133762,Велико Търново,BG321
16571,Горни Лом,с.,VID37,000159700,Видин,BG311
16585,Горни Маренци,с.,GAB35,000215946,Габрово,BG322
16599,Горни Окол,с.,SFO39,000776491,София,BG412
16609,Горни Радковци,с.,GAB35,000215946,Габрово,BG322
16612,Горни Романци,с.,PER08,000386559,Перник,BG414
16626,Горни Танчевци,с.,VTR13,000133762,Велико Търново,BG321
16639,Горни Цибър,с.,MON11,000320648,Монтана,BG312
16643,Горни Цоневци,с.,GAB35,000215946,Габрово,BG322
16660,Горни Юруци,с.,KRZ15,000235913,Кърджали,BG425
16674,Горно Абланово,с.,RSE03,000530479,Русе,BG323
16688,Горно Александрово,с.,SLV20,000590654,Сливен,BG342
16691,Горно Белево,с.,SZR04,000817568,Стара Загора,BG344
16701,Горно Ботево,с.,SZR31,000818022,Стара Загора,BG344
16715,Горнова могила,с.,GAB05,000215630,Габрово,BG322
16729,Горно Войводино,с.,HKV34,000903946,Хасково,BG422
16732,Горно вършило,с.,PAZ29,000351825,Пазарджик,BG423
16754,Горно Драглище,с.,BLG37,000024948,Благоевград,BG413
16763,Горно Дряново,с.,BLG13,000024752,Благоевград,BG413
16780,Горно Изворово,с.,SZR12,000817778,Стара Загора,BG344
16794,Горно Камарци,с.,SFO10,000776178,София,BG412
16804,Горно Кобиле,с.,KNL50,000261655,Кюстендил,BG415
16818,Горно Козарево,с.,TGV22,000875817,Търговище,BG334
16821,Горно Къпиново,с.,KRZ14,000235888,Кърджали,BG425
16835,Горно Луково,с.,HKV11,000235870,Хасково,BG422
16849,Горно Новково,с.,TGV22,000875817,Търговище,BG334
16852,Горно ново село,с.,SZR04,000817568,Стара Загора,BG344
16866,Горно Озирово,с.,MON12,000320655,Монтана,BG312
16870,Горно Осеново,с.,BLG44,000024987,Благоевград,BG413
16883,Горно Павликене,с.,LOV18,000291591,Ловеч,BG315
16897,Горно Пещене,с.,VRC10,000193115,Враца,BG313
16907,Горно поле,с.,HKV18,000903693,Хасково,BG422
16910,Горно Прахово,с.,KRZ02,000235750,Кърджали,BG425
16924,Горно Сахране,с.,SZR24,000817931,Стара Загора,BG344
16938,Горно село,с.,SFO16,000776235,София,BG412
16941,Горноселци,с.,HKV11,000235870,Хасково,BG422
16955,Горнослав,с.,PDV01,000471059,Пловдив,BG421
16969,Горно Спанчево,с.,BLG40,000024955,Благоевград,BG413
16986,Горно трапе,с.,LOV34,000291709,Ловеч,BG315
16995,Горно Уйно,с.,KNL29,000261517,Кюстендил,BG415
17004,Горно Хърсово,с.,BLG03,000024695,Благоевград,BG413
17018,Горно Церовене,с.,MON29,000320872,Монтана,BG312
17035,Горно Ябълково,с.,BGS06,000056878,Бургас,BG341
17049,Горово,с.,BGS23,000057250,Бургас,BG341
17052,Горово,с.,SML31,000615118,Смолян,BG424
17066,Гороцвет,с.,RAZ17,000505853,Разград,BG324
17077,Горочевци,с.,PER51,000386790,Перник,BG414
17083,Горска,с.,VTR13,000133762,Велико Търново,BG321
17097,Горска поляна,с.,JAM03,000970051,Ямбол,BG343
17107,Горски горен Тръмбеш,с.,VTR06,000133673,Велико Търново,BG321
17124,Горски долен Тръмбеш,с.,VTR06,000133673,Велико Търново,BG321
17138,Горски извор,с.,KRZ14,000235888,Кърджали,BG425
17141,Горски извор,с.,HKV09,000903533,Хасково,BG422
17155,Горски Сеновец,с.,VTR31,000133972,Велико Търново,BG321
17169,Горско,с.,HKV11,000235870,Хасково,BG422
17172,Горско Абланово,с.,TGV23,000875824,Търговище,BG334
17186,Горско Дюлево,с.,KRZ21,000235984,Кърджали,BG425
17192,Горско Калугерово,с.,VTR32,000133997,Велико Търново,BG321
17208,Горско Косово,с.,VTR32,000133997,Велико Търново,BG321
17213,Горско ново село,с.,VTR14,000133778,Велико Търново,BG321
17227,Горско Писарево,с.,VTR14,000133778,Велико Търново,BG321
17230,Горско село,с.,TGV22,000875817,Търговище,BG334
17244,Горско Сливово,с.,LOV17,000291584,Ловеч,BG315
17258,Горталово,с.,PVN24,000413974,Плевен,BG314
17275,Горун,с.,DOB29,000852957,Добрич,BG332
17289,Горунака,с.,SFO18,000776259,София,BG412
17302,Горчево,с.,BLG33,000024916,Благоевград,BG413
17316,Горяни,с.,GAB35,000215946,Габрово,BG322
17323,Господиново,с.,VAR05,000093435,Варна,BG331
17333,Господиново,с.,SLS15,000565430,Силистра,BG325
17347,Господинци,с.,BLG11,000024745,Благоевград,BG413
17350,Гостилица,с.,GAB12,000215729,Габрово,BG322
17364,Гостиля,с.,PVN10,000413725,Плевен,BG314
17378,Гостиня,с.,LOV18,000291591,Ловеч,BG315
17381,Гостун,с.,BLG01,000024663,Благоевград,BG413
17395,Гоце Делчев,гр.,BLG11,000024745,Благоевград,BG413
17405,Градево,с.,BLG44,000024987,Благоевград,BG413
17419,Градежница,с.,LOV33,000291698,Ловеч,BG315
17422,Градец,с.,VID09,000159508,Видин,BG311
17436,Градец,с.,SLV11,000590540,Сливен,BG342
17449,Градец,с.,SFO26,000776363,София,BG412
17453,Градешница,с.,VRC21,000193282,Враца,BG313
17467,Градина,с.,VTR26,000133933,Велико Търново,BG321
17470,Градина,с.,PVN11,000413732,Плевен,BG314
17484,Градина,с.,PDV23,000471536,Пловдив,BG421
17498,Градина,с.,RAZ17,000505853,Разград,BG324
17508,Градинарово,с.,VAR24,000093638,Варна,BG331
17511,Градини,с.,DOB12,000852633,Добрич,BG332
17542,Градище,с.,GAB29,000215889,Габрово,BG322
17556,Градище,с.,PVN16,000413814,Плевен,BG314
17573,Градище,с.,SHU30,000931721,Шумен,BG333
17587,Градница,с.,GAB29,000215889,Габрово,BG322
17590,Градница,с.,DOB27,000852925,Добрич,BG332
17600,Градско,с.,SLV20,000590654,Сливен,BG342
17614,Градсковски колиби,с.,VID03,000159472,Видин,BG311
17631,Градът,с.,SML31,000615118,Смолян,BG424
17645,Грамада,гр.,VID15,000159531,Видин,BG311
17659,Грамаде,с.,KNL48,000261630,Кюстендил,BG415
17676,Грамаде,с.,SML27,000615075,Смолян,BG424
17680,Грамаждано,с.,KNL29,000261517,Кюстендил,BG415
17693,Граматиково,с.,BGS12,000057086,Бургас,BG341
17703,Граматици,с.,VTR13,000133762,Велико Търново,BG321
17717,Гранит,с.,SZR04,000817568,Стара Загора,BG344
17720,Гранитец,с.,BGS06,000056878,Бургас,BG341
17734,Гранитово,с.,VID01,000159458,Видин,BG311
17748,Гранитово,с.,JAM07,000970165,Ямбол,BG343
17751,Граница,с.,KNL29,000261517,Кюстендил,BG415
17765,Граничак,с.,VID01,000159458,Видин,BG311
17779,Граничар,с.,BGS06,000056878,Бургас,BG341
17782,Граничар,с.,DOB29,000852957,Добрич,BG332
17796,Режанци,с.,PER08,000386559,Перник,BG414
17806,Граф Игнатиево,с.,PDV17,000472182,Пловдив,BG421
17823,Грашево,с.,PAZ08,000351580,Пазарджик,BG423
17837,Гращица,с.,SML31,000615118,Смолян,BG424
17840,Греевци,с.,TGV02,000875557,Търговище,BG334
17854,Гривица,с.,PVN24,000413974,Плевен,BG314
17868,Гривка,с.,KRZ15,000235913,Кърджали,BG425
17871,Гривяк,с.,KRZ14,000235888,Кърджали,BG425
17885,Григорево,с.,SFO17,000776242,София,BG412
17909,Грозден,с.,BGS23,000057250,Бургас,BG341
17912,Гроздьово,с.,VAR13,000093517,Варна,BG331
17943,Громшин,с.,MON04,000320566,Монтана,BG312
17957,Грохотно,с.,SML09,000614895,Смолян,BG424
17960,Боздуганово,с.,SZR27,000817956,Стара Загора,BG344
17974,Средец,гр.,BGS06,000056878,Бургас,BG341
17988,Груево,с.,KRZ21,000235984,Кърджали,BG425
17991,Гръблевци,с.,GAB05,000215630,Габрово,BG322
18006,Грълска падина,с.,SFO16,000776235,София,BG412
18018,Грънчарово,с.,SLS10,000565416,Силистра,BG325
18037,Губеш,с.,SFO09,000776160,София,BG412
18040,Губислав,с.,SFO43,000776502,София,BG412
18054,Гугутка,с.,HKV11,000235870,Хасково,BG422
18068,Гудевица,с.,SML31,000615118,Смолян,BG424
18071,Гулийка,с.,KRZ15,000235913,Кърджали,BG425
18085,Гулия,с.,KRZ15,000235913,Кърджали,BG425
18099,Гулянци,гр.,PVN08,000413691,Плевен,BG314
18109,Гумощник,с.,LOV34,000291709,Ловеч,BG315
18112,Гурбановци,с.,KNL29,000261517,Кюстендил,BG415
18126,Гургулица,с.,KRZ21,000235984,Кърджали,BG425
18133,Гургулят,с.,SFO45,000776517,София,BG412
18143,Гурково,с.,SFO07,000776089,София,BG412
18157,Гурково,гр.,SZR37,123092756,Стара Загора,BG344
18160,Гурково,с.,DOB03,000852544,Добрич,BG332
18174,Гурмазово,с.,SFO06,000776071,София,BG412
18188,Гусла,с.,SHU18,000931881,Шумен,BG333
18191,Гуслар,с.,DOB27,000852925,Добрич,BG332
18201,Гуцал,с.,SFO39,000776491,София,BG412
18215,Гъбене,с.,GAB05,000215630,Габрово,BG322
18229,Гълъбец,с.,BGS17,000057179,Бургас,BG341
18232,Гълъбец,с.,HKV34,000903946,Хасково,BG422
18259,Гълъбинци,с.,JAM25,000970457,Ямбол,BG343
18263,Гълъбник,с.,PER36,000386776,Перник,BG414
18277,Гълъбово,с.,PDV42,115631816,Пловдив,BG421
18280,Гълъбово,гр.,SZR07,000817696,Стара Загора,BG344
18294,Гълъбовци,с.,SFO45,000776517,София,BG412
18304,Гъмзово,с.,VID06,000159489,Видин,BG311
18318,Гърбино,с.,KNL29,000261517,Кюстендил,BG415
18321,Гърбище,с.,KRZ02,000235750,Кърджали,BG425
18335,Гърдевци,с.,VTR13,000133762,Велико Търново,BG321
18349,Гърло,с.,PER08,000386559,Перник,BG414
18352,Гърляно,с.,KNL29,000261517,Кюстендил,BG415
18366,Гърмен,с.,BLG13,000024752,Благоевград,BG413
18374,Гърнати,с.,SML18,000615043,Смолян,BG424
18397,Гърня,с.,GAB12,000215729,Габрово,BG322
18407,Гърчиново,с.,TGV23,000875824,Търговище,BG334
18410,Гъсково,с.,KRZ16,000235920,Кърджали,BG425
18424,Гьоврен,с.,SML09,000614895,Смолян,BG424
18455,Гюешево,с.,KNL29,000261517,Кюстендил,BG415
18469,Гюльовца,с.,BGS15,000057122,Бургас,BG341
18486,Гюргич,с.,VID33,000159682,Видин,BG311
18490,Елин Пелин,с.,SFO17,000776242,София,BG412
18505,Гложене,с.,VRC20,000193250,Враца,BG313
18513,Горна Биркова,с.,PAZ08,000351580,Пазарджик,BG423
18527,Горна Дъбева,с.,PAZ08,000351580,Пазарджик,BG423
18544,Главник,с.,KRZ02,000235750,Кърджали,BG425
18558,Горно Кирково,с.,KRZ14,000235888,Кърджали,BG425
18561,Горна Василица,с.,SFO25,000776349,София,BG412
18575,Горица,с.,DOB12,000852633,Добрич,BG332
18589,Гецово,с.,RAZ26,000505910,Разград,BG324
20027,Давери,с.,VTR13,000133762,Велико Търново,BG321
20033,Давидково,с.,SML02,000614952,Смолян,BG424
20047,Давидово,с.,SLS15,000565430,Силистра,BG325
20050,Давидово,с.,TGV35,000875920,Търговище,BG334
20064,Дагоново,с.,BLG02,000024688,Благоевград,BG413
20078,Даевци,с.,GAB35,000215946,Габрово,BG322
20081,Дайновци,с.,VTR13,000133762,Велико Търново,BG321
20105,Дамяница,с.,BLG40,000024955,Благоевград,BG413
20119,Дамяново,с.,GAB29,000215889,Габрово,BG322
20153,Даскал-Атанасово,с.,SZR27,000817956,Стара Загора,BG344
20167,Даскалово,с.,KRZ35,000236164,Кърджали,BG425
20184,Две могили,гр.,RSE08,000530529,Русе,BG323
20198,Две тополи,с.,SML02,000614952,Смолян,BG424
20208,Дворище,с.,KNL29,000261517,Кюстендил,BG415
20211,Дворище,с.,SZR37,123092756,Стара Загора,BG344
20225,Дебел дял,с.,GAB05,000215630,Габрово,BG322
20242,Дебелец,гр.,VTR04,000133634,Велико Търново,BG321
20256,Дебели лаг,с.,PER36,000386776,Перник,BG414
20268,Дебели рът,с.,VTR13,000133762,Велико Търново,BG321
20273,Дебелт,с.,BGS06,000056878,Бургас,BG341
20287,Дебелцово,с.,GAB29,000215889,Габрово,BG322
20290,Дебеляново,с.,SML02,000614952,Смолян,BG424
20300,Дебнево,с.,LOV34,000291709,Ловеч,BG315
20314,Дебово,с.,PVN21,000413885,Плевен,BG314
20328,Дебочица,с.,BLG03,000024695,Благоевград,BG413
20331,Дебрен,с.,BLG13,000024752,Благоевград,BG413
20345,Дебрене,с.,BLG40,000024955,Благоевград,BG413
20359,Дебрене,с.,DOB15,000852188,Добрич,BG332
20362,Дебръщица,с.,PAZ19,000351736,Пазарджик,BG423
20376,Девене,с.,VRC10,000193115,Враца,BG313
20383,Девенци,с.,PVN37,000414154,Плевен,BG314
20393,Девесилица,с.,KRZ15,000235913,Кърджали,BG425
20403,Девесилово,с.,KRZ15,000235913,Кърджали,BG425
20417,Деветак,с.,BGS09,000057026,Бургас,BG341
20420,Деветаки,с.,LOV18,000291591,Ловеч,BG315
20434,Деветаците,с.,VTR04,000133634,Велико Търново,BG321
20448,Деветинци,с.,BGS09,000057026,Бургас,BG341
20465,Девин,гр.,SML09,000614895,Смолян,BG424
20479,Девино,с.,TGV02,000875557,Търговище,BG334
20482,Девня,гр.,VAR14,000093645,Варна,BG331
20496,Дедец,с.,KRZ14,000235888,Кърджали,BG425
20506,Дедина,с.,VTR14,000133778,Велико Търново,BG321
20514,Дединци,с.,VTR14,000133778,Велико Търново,BG321
20523,Дедово,с.,PDV26,000472200,Пловдив,BG421
20537,Деков,с.,PVN03,000413579,Плевен,BG314
20540,Делвино,с.,BLG03,000024695,Благоевград,BG413
20554,Делвино,с.,KRZ14,000235888,Кърджали,BG425
20568,Делейна,с.,VID06,000159489,Видин,BG311
20571,Делова махала,с.,VTR14,000133778,Велико Търново,BG321
20585,Делчево,с.,BLG11,000024745,Благоевград,BG413
20599,Дебелец,с.,VAR16,000093524,Варна,BG331
20609,Делчево,с.,RAZ14,000505821,Разград,BG324
20612,Делян,с.,KNL48,000261630,Кюстендил,BG415
20626,Делян,с.,SFO06,000776071,София,BG412
20630,Деляновци,с.,VTR28,000133965,Велико Търново,BG321
20643,Денница,с.,SHU07,000931397,Шумен,BG333
20657,Денница,с.,JAM03,000970051,Ямбол,BG343
20660,Денчевци,с.,GAB12,000215729,Габрово,BG322
20674,Дервишка могила,с.,HKV28,000903825,Хасково,BG422
20688,Дерманци,с.,LOV19,000291602,Ловеч,BG315
20701,Детелина,с.,VAR13,000093517,Варна,BG331
20715,Дечковци,с.,VTR04,000133634,Велико Търново,BG321
20729,Джамузовци,с.,SFO20,000776299,София,BG412
20732,Джанка,с.,KRZ15,000235913,Кърджали,BG425
20746,Джебел,гр.,KRZ08,000235831,Кърджали,BG425
20755,Джелепско,с.,KRZ21,000235984,Кърджали,BG425
20763,Джерман,с.,KNL48,000261630,Кюстендил,BG415
20777,Джерово,с.,KRZ14,000235888,Кърджали,BG425
20780,Джигурово,с.,BLG40,000024955,Благоевград,BG413
20804,Джинот,с.,JAM22,000970432,Ямбол,BG343
20818,Джинчовци,с.,PER51,000386790,Перник,BG414
20835,Джулюница,с.,VTR20,000133844,Велико Търново,BG321
20849,Джулюница,с.,RSE37,000530671,Русе,BG323
20852,Джумриите,с.,GAB05,000215630,Габрово,BG322
20883,Джурково,с.,PDV15,000614967,Пловдив,BG421
20897,Джурово,с.,SFO34,000776477,София,BG412
20907,Джуровци,с.,GAB12,000215729,Габрово,BG322
20910,Зорница,с.,BLG40,000024955,Благоевград,BG413
20938,Дибич,с.,SHU30,000931721,Шумен,BG333
20941,Дива Слатина,с.,MON14,000320694,Монтана,BG312
20969,Дивеци,с.,GAB05,000215630,Габрово,BG322
20972,Дивля,с.,PER19,000386662,Перник,BG414
20986,Дивотино,с.,PER32,000386751,Перник,BG414
20996,Дивчовото,с.,LOV33,000291698,Ловеч,BG315
21004,Диманово,с.,SML18,000615043,Смолян,BG424
21035,Димиевци,с.,GAB35,000215946,Габрово,BG322
21049,Димитриево,с.,SZR36,000818086,Стара Загора,BG344
21052,Димитровград,гр.,HKV09,000903533,Хасково,BG422
21066,Димитровци,с.,VTR04,000133634,Велико Търново,BG321
21078,Димитровче,с.,HKV28,000903825,Хасково,BG422
21083,Победа,с.,DOB15,000852188,Добрич,BG332
21097,Димово,гр.,VID16,000159554,Видин,BG311
21107,Димово,с.,SML31,000615118,Смолян,BG424
21110,Димовци,с.,VTR04,000133634,Велико Търново,BG321
21124,Димовци,с.,SZR37,123092756,Стара Загора,BG344
21138,Димча,с.,VTR22,000133901,Велико Търново,BG321
21141,Димчево,с.,BGS04,000056814,Бургас,BG341
21155,Динево,с.,HKV34,000903946,Хасково,BG422
21169,Динк,с.,PDV17,000472182,Пловдив,BG421
21172,Динката,с.,PAZ14,000351693,Пазарджик,BG423
21186,Динковица,с.,VID09,000159508,Видин,BG311
21193,Динково,с.,VID33,000159682,Видин,BG311
21209,Диня,с.,SZR27,000817956,Стара Загора,BG344
21213,Дирало,с.,SML16,000614984,Смолян,BG424
21227,Дисманица,с.,GAB29,000215889,Габрово,BG322
21230,Дичево,с.,SLS07,000565380,Силистра,BG325
21244,Дичин,с.,VTR04,000133634,Велико Търново,BG321
21258,Длъгнево,с.,HKV09,000903533,Хасково,BG422
21261,Длъгня,с.,GAB12,000215729,Габрово,BG322
21275,Длъжка поляна,с.,TGV02,000875557,Търговище,BG334
21289,Длъжко,с.,SHU11,000931422,Шумен,BG333
21292,Длъхчево-Сабляр,с.,KNL31,000261541,Кюстендил,BG415
21302,Доборско,с.,KRZ15,000235913,Кърджали,BG425
21316,Добравица,с.,SFO43,000776502,София,BG412
21324,Добралък,с.,PDV42,115631816,Пловдив,BG421
21333,Добра поляна,с.,BGS18,000057211,Бургас,BG341
21347,Добрева череша,с.,SML27,000615075,Смолян,BG424
21350,Добрево,с.,DOB15,000852188,Добрич,BG332
21364,Добревци,с.,VTR13,000133762,Велико Търново,BG321
21378,Добревци,с.,GAB35,000215946,Габрово,BG322
21381,Добревци,с.,LOV38,000291723,Ловеч,BG315
21395,Добрените,с.,GAB12,000215729,Габрово,BG322
21405,Добри Войниково,с.,SHU11,000931422,Шумен,BG333
21419,Добри дол,с.,VAR01,000093378,Варна,BG331
21422,Добри дол,с.,KNL50,000261655,Кюстендил,BG415
21436,Добри дол,с.,MON24,000320840,Монтана,BG312
21440,Добри дол,с.,PDV23,000471536,Пловдив,BG421
21453,Добри дял,с.,VTR20,000133844,Велико Търново,BG321
21467,Добри лаки,с.,BLG49,000024713,Благоевград,BG413
21470,Добрин,с.,DOB20,000852754,Добрич,BG332
21484,Добрина,с.,VAR24,000093638,Варна,BG331
21498,Добринище,гр.,BLG01,000024663,Благоевград,BG413
21508,Добриново,с.,BGS09,000057026,Бургас,BG341
21511,Добриново,с.,KRZ16,000235920,Кърджали,BG425
21525,Добринци,с.,KRZ08,000235831,Кърджали,BG425
21539,Добрич,с.,HKV09,000903533,Хасково,BG422
21542,Добрич,с.,JAM07,000970165,Ямбол,BG343
21556,Добровница,с.,PAZ19,000351736,Пазарджик,BG423
21565,Доброво,с.,KNL05,000261370,Кюстендил,BG415
21587,Доброглед,с.,VAR02,000093385,Варна,BG331
21590,Добродан,с.,LOV34,000291709,Ловеч,BG315
21600,Добролево,с.,VRC05,000193065,Враца,BG313
21614,Добромир,с.,BGS18,000057211,Бургас,BG341
21628,Добромирка,с.,GAB29,000215889,Габрово,BG322
21631,Добромирци,с.,KRZ14,000235888,Кърджали,BG425
21645,Доброплодно,с.,VAR08,000093458,Варна,BG331
21659,Доброселец,с.,HKV32,000970464,Хасково,BG422
21662,Доброславци,с.,SOF46,000696327,София (столица),BG411
21676,Добростан,с.,PDV01,000471059,Пловдив,BG421
21680,Добротино,с.,BLG11,000024745,Благоевград,BG413
21693,Добротица,с.,SLS32,000565544,Силистра,BG325
21703,Добротица,с.,TGV02,000875557,Търговище,BG334
21717,Добротич,с.,VAR09,000093474,Варна,BG331
21720,Добруджанка,с.,SLS15,000565430,Силистра,BG325
21734,Добруша,с.,VRC21,000193282,Враца,BG313
21748,Добърско,с.,BLG37,000024948,Благоевград,BG413
21751,Добърчин,с.,SFO43,000776502,София,BG412
21779,Доганово,с.,SFO17,000776242,София,BG412
21782,Дождевица,с.,KNL29,000261517,Кюстендил,BG415
21796,Дойновци,с.,VTR04,000133634,Велико Търново,BG321
21806,Дойранци,с.,KRZ02,000235750,Кърджали,BG425
21811,Дойранци,с.,SHU18,000931881,Шумен,BG333
21823,Дойренци,с.,LOV18,000291591,Ловеч,BG315
21837,Докатичево,с.,BLG44,000024987,Благоевград,BG413
21840,Доктор Йосифово,с.,MON29,000320872,Монтана,BG312
21854,Докьовци,с.,PER51,000386790,Перник,BG414
21868,Долен,с.,BLG42,000024962,Благоевград,BG413
21871,Долен,с.,SML11,000614938,Смолян,BG424
21885,Долене,с.,BLG33,000024916,Благоевград,BG413
21899,Долен Еневец,с.,VTR04,000133634,Велико Търново,BG321
21909,Долени,с.,BLG40,000024955,Благоевград,BG413
21912,Долни чифлик,гр.,VAR13,000093517,Варна,BG331
21926,Долец,с.,SLS10,000565416,Силистра,BG325
21937,Долец,с.,TGV24,000875856,Търговище,BG334
21943,Долие,с.,SML16,000614984,Смолян,BG424
21957,Долина,с.,DOB15,000852188,Добрич,BG332
21960,Долина,с.,SHU18,000931881,Шумен,BG333
21974,Долистово,с.,KNL04,000261363,Кюстендил,BG415
21988,Долище,с.,VAR02,000093385,Варна,BG331
21991,Долище,с.,KRZ16,000235920,Кърджали,BG425
22006,Долна баня,гр.,SFO59,122054941,София,BG412
22019,Долна Бела речка,с.,MON12,000320655,Монтана,BG312
22023,Долна Бешовица,с.,VRC32,000193460,Враца,BG313
22040,Долна Вереница,с.,MON29,000320872,Монтана,BG312
22054,Долна Врабча,с.,PER19,000386662,Перник,BG414
22068,Долна Градешница,с.,BLG28,000024720,Благоевград,BG413
22071,Долна Гращица,с.,KNL29,000261517,Кюстендил,BG415
22085,Долна Диканя,с.,PER36,000386776,Перник,BG414
22099,Долна Златица,с.,TGV02,000875557,Търговище,BG334
22109,Долна Кабда,с.,TGV24,000875856,Търговище,BG334
22112,Долна Козница,с.,KNL31,000261541,Кюстендил,BG415
22126,Долна Кремена,с.,VRC27,000193371,Враца,BG313
22134,Долна крепост,с.,KRZ16,000235920,Кърджали,BG425
22143,Долна Крушица,с.,BLG33,000024916,Благоевград,BG413
22157,Долна кула,с.,KRZ15,000235913,Кърджали,BG425
22160,Долна Липница,с.,VTR22,000133901,Велико Търново,BG321
22174,Долна Малина,с.,SFO10,000776178,София,BG412
22191,Долна махала,с.,PDV12,000471340,Пловдив,BG421
22201,Долна Мелна,с.,PER51,000386790,Перник,BG414
22215,Долна Митрополия,гр.,PVN10,000413725,Плевен,BG314
22229,Долна Невля,с.,SFO16,000776235,София,BG412
22232,Долна Оряховица,гр.,VTR06,000133673,Велико Търново,BG321
22246,Долна Рибница,с.,BLG33,000024916,Благоевград,BG413
22250,Долна Рикса,с.,MON29,000320872,Монтана,BG312
22263,Долна Секирна,с.,PER08,000386559,Перник,BG414
22277,Долна Студена,с.,RSE37,000530671,Русе,BG323
22280,Долна Хубавка,с.,TGV22,000875817,Търговище,BG334
22304,Долни Богров,с.,SOF46,000696327,София (столица),BG411
22318,Долни Бошняк,с.,VID09,000159508,Видин,BG311
22321,Долни Вадин,с.,VRC31,000193414,Враца,BG313
22335,Долни Вит,с.,PVN08,000413691,Плевен,BG314
22352,Долни Върпища,с.,GAB12,000215729,Габрово,BG322
22375,Долни Главанак,с.,HKV18,000903693,Хасково,BG422
22383,Долни Дамяновци,с.,VTR04,000133634,Велико Търново,BG321
22397,Долни Драгойча,с.,GAB12,000215729,Габрово,BG322
22407,Долни Дъбник,гр.,PVN11,000413732,Плевен,BG314
22410,Долни Коритен,с.,KNL50,000261655,Кюстендил,BG415
22424,Долни Лом,с.,VID37,000159700,Видин,BG311
22438,Долни Луковит,с.,PVN23,000413942,Плевен,BG314
22441,Долни Маренци,с.,GAB35,000215946,Габрово,BG322
22455,Долни Марян,с.,VTR13,000133762,Велико Търново,BG321
22469,Долни Окол,с.,SFO39,000776491,София,BG412
22472,Долни Пасарел,с.,SOF46,000696327,София (столица),BG411
22486,Долни Радковци,с.,GAB35,000215946,Габрово,BG322
22490,Долни Раковец,с.,PER36,000386776,Перник,BG414
22506,Долни Романци,с.,PER08,000386559,Перник,BG414
22513,Долни Танчевци,с.,VTR13,000133762,Велико Търново,BG321
22527,Долни Томчевци,с.,GAB35,000215946,Габрово,BG322
22530,Долни Цибър,с.,MON11,000320648,Монтана,BG312
22544,Долни Юруци,с.,KRZ15,000235913,Кърджали,BG425
22558,Долно Абланово,с.,RSE27,000530632,Русе,BG323
22561,Долно Белево,с.,HKV09,000903533,Хасково,BG422
22575,Долно Ботево,с.,HKV30,000904261,Хасково,BG422
22589,Долно Войводино,с.,HKV34,000903946,Хасково,BG422
22592,Долно вършило,с.,PAZ29,000351825,Пазарджик,BG423
22602,Долно Драглище,с.,BLG37,000024948,Благоевград,BG413
22616,Долно Дряново,с.,BLG13,000024752,Благоевград,BG413
22633,Долно Изворово,с.,SZR12,000817778,Стара Загора,BG344
22647,Долно Камарци,с.,SFO10,000776178,София,BG412
22650,Долно Кобиле,с.,KNL50,000261655,Кюстендил,BG415
22664,Долно Козарево,с.,TGV22,000875817,Търговище,BG334
22678,Долно Къпиново,с.,KRZ14,000235888,Кърджали,BG425
22681,Левски,с.,PAZ20,000351743,Пазарджик,BG423
22695,Долно Линево,с.,MON24,000320840,Монтана,BG312
22705,Долно Луково,с.,HKV11,000235870,Хасково,BG422
22719,Долно Новково,с.,TGV22,000875817,Търговище,BG334
22722,Долно ново село,с.,SFO16,000776235,София,BG412
22736,Долно ново село,с.,SZR04,000817568,Стара Загора,BG344
22747,Долно Озирово,с.,MON12,000320655,Монтана,BG312
22753,Долно Осеново,с.,BLG44,000024987,Благоевград,BG413
22767,Паничерево,с.,SZR37,123092756,Стара Загора,BG344
22770,Долно поле,с.,HKV30,000904261,Хасково,BG422
22784,Долно Прахово,с.,KRZ02,000235750,Кърджали,BG425
22798,Долно Ряхово,с.,SLS07,000565380,Силистра,BG325
22808,Долно Сахране,с.,SZR24,000817931,Стара Загора,BG344
22811,Долно село,с.,KNL29,000261517,Кюстендил,BG415
22825,Долноселци,с.,HKV11,000235870,Хасково,BG422
22839,Долнослав,с.,PDV01,000471059,Пловдив,BG421
22842,Долно Спанчево,с.,BLG33,000024916,Благоевград,BG413
22856,Долно Съдиево,с.,HKV18,000903693,Хасково,BG422
22862,Долно Уйно,с.,KNL29,000261517,Кюстендил,BG415
22873,Долно Церовене,с.,MON38,000320979,Монтана,BG312
22887,Долно Черковище,с.,HKV30,000904261,Хасково,BG422
22890,Долно Шивачево,с.,VTR14,000133778,Велико Търново,BG321
22914,Долно Ябълково,с.,BGS06,000056878,Бургас,BG341
22928,Домище,с.,KRZ14,000235888,Кърджали,BG425
22931,Домлян,с.,PDV13,000471365,Пловдив,BG421
22945,Дондуково,с.,MON07,000320580,Монтана,BG312
22959,Донино,с.,GAB05,000215630,Габрово,BG322
22962,Донкино,с.,GAB35,000215946,Габрово,BG322
22976,Донковци,с.,VTR13,000133762,Велико Търново,BG321
22988,Дончево,с.,DOB15,000852188,Добрич,BG332
22993,Дончовци,с.,GAB35,000215946,Габрово,BG322
23008,Дорково,с.,PAZ24,000351795,Пазарджик,BG423
23011,Доситеево,с.,HKV33,000903939,Хасково,BG422
23025,Доспат,гр.,SML10,000614906,Смолян,BG424
23039,Доспей,с.,SFO39,000776491,София,BG412
23042,Доча,с.,GAB12,000215729,Габрово,BG322
23056,Драбишна,с.,HKV11,000235870,Хасково,BG422
23060,Драгана,с.,LOV36,000291716,Ловеч,BG315
23073,Драганица,с.,MON12,000320655,Монтана,BG312
23087,Драгановец,с.,TGV35,000875920,Търговище,BG334
23090,Драганово,с.,BGS04,000056814,Бургас,BG341
23100,Драганово,с.,VTR06,000133673,Велико Търново,BG321
23114,Драганово,с.,KRZ35,000236164,Кърджали,BG425
23128,Драганово,с.,DOB15,000852188,Добрич,BG332
23131,Драгановци,с.,VTR13,000133762,Велико Търново,BG321
23159,Драгановци,с.,GAB05,000215630,Габрово,BG322
23162,Драганосковци,с.,VTR13,000133762,Велико Търново,BG321
23176,Драганци,с.,BGS09,000057026,Бургас,BG341
23185,Драганчетата,с.,GAB05,000215630,Габрово,BG322
23193,Драгаш войвода,с.,PVN21,000413885,Плевен,BG314
23203,Драгиевци,с.,GAB05,000215630,Габрово,BG322
23217,Драгижево,с.,VTR20,000133844,Велико Търново,BG321
23220,Драгийци,с.,VTR13,000133762,Велико Търново,BG321
23234,Драгиново,с.,PAZ08,000351580,Пазарджик,BG423
23251,Драгичево,с.,PER32,000386751,Перник,BG414
23265,Драгневци,с.,VTR13,000133762,Велико Търново,BG321
23279,Драгневци,с.,GAB35,000215946,Габрово,BG322
23282,Драговищица,с.,KNL29,000261517,Кюстендил,BG415
23296,Драговищица,с.,SFO26,000776363,София,BG412
23306,Драгово,с.,BGS09,000057026,Бургас,BG341
23323,Драгодан,с.,KNL27,000261491,Кюстендил,BG415
23337,Драгоданово,с.,SLV20,000590654,Сливен,BG342
23340,Драгоево,с.,SHU23,000931625,Шумен,BG333
23354,Драгоил,с.,SFO16,000776235,София,BG412
23385,Драгойново,с.,PDV23,000471536,Пловдив,BG421
23399,Драгойчинци,с.,KNL50,000261655,Кюстендил,BG415
23409,Драгоман,гр.,SFO16,000776235,София,BG412
23412,Драгомани,с.,GAB05,000215630,Габрово,BG322
23426,Драгомир,с.,PDV33,000471640,Пловдив,BG421
23431,Драгомирово,с.,VTR28,000133965,Велико Търново,BG321
23443,Драгомирово,с.,PER36,000386776,Перник,BG414
23457,Драгор,с.,PAZ19,000351736,Пазарджик,BG423
23474,Драготинци,с.,SFO45,000776517,София,BG412
23488,Драгуш,с.,BLG33,000024916,Благоевград,BG413
23491,Драгушиново,с.,SFO39,000776491,София,BG412
23501,Дражево,с.,JAM25,000970457,Ямбол,BG343
23515,Дражинци,с.,VID33,000159682,Видин,BG311
23529,Драка,с.,BGS06,000056878,Бургас,BG341
23532,Драката,с.,BLG49,000024713,Благоевград,BG413
23546,Дралфа,с.,TGV35,000875920,Търговище,BG334
23557,Драма,с.,JAM25,000970457,Ямбол,BG343
23563,Дрангово,с.,BLG33,000024916,Благоевград,BG413
23577,Дрангово,с.,KRZ14,000235888,Кърджали,BG425
23580,Дрангово,с.,PDV07,000471123,Пловдив,BG421
23594,Драндарите,с.,GAB35,000215946,Габрово,BG322
23604,Драчево,с.,BGS06,000056878,Бургас,BG341
23618,Драшан,с.,VRC08,000193058,Враца,BG313
23621,Драшкова поляна,с.,LOV02,000291627,Ловеч,BG315
23635,Дреатин,с.,SFO16,000776235,София,BG412
23649,Дрен,с.,PER36,000386776,Перник,BG414
23652,Дренково,с.,BLG03,000024695,Благоевград,BG413
23666,Дренов,с.,LOV18,000291591,Ловеч,BG315
23672,Дреновец,с.,VID33,000159682,Видин,BG311
23683,Дреновица,с.,BLG33,000024916,Благоевград,BG413
23697,Дреново,с.,BLG33,000024916,Благоевград,BG413
23707,Дреново,с.,SFO26,000776363,София,BG412
23710,Дрента,с.,VTR13,000133762,Велико Търново,BG321
23724,Дренци,с.,SHU07,000931397,Шумен,BG333
23738,Дриново,с.,TGV24,000875856,Търговище,BG334
23741,Дрипчево,с.,HKV33,000903939,Хасково,BG422
23755,Дропла,с.,BGS18,000057211,Бургас,BG341
23769,Дропла,с.,DOB03,000852544,Добрич,BG332
23786,Дружба,с.,VID09,000159508,Видин,BG311
23798,Дружево,с.,SFO43,000776502,София,BG412
23803,Дружинци,с.,KRZ14,000235888,Кърджали,BG425
23813,Друмево,с.,SHU30,000931721,Шумен,BG333
23827,Друмохар,с.,KNL31,000261541,Кюстендил,BG415
23830,Друмче,с.,KRZ21,000235984,Кърджали,BG425
23844,Дръмша,с.,SFO26,000776363,София,BG412
23858,Дръндар,с.,VAR26,000093684,Варна,BG331
23875,Дрянка,с.,SML02,000614952,Смолян,BG424
23889,Дрянковец,с.,BGS01,000056764,Бургас,BG341
23892,Дрянова глава,с.,KRZ14,000235888,Кърджали,BG425
23902,Дряновец,с.,RAZ26,000505910,Разград,BG324
23916,Дряновец,с.,RSE04,000530493,Русе,BG323
23929,Дряновец,с.,SML38,000615164,Смолян,BG424
23933,Дряновец,с.,DOB15,000852188,Добрич,BG332
23947,Дряново,гр.,GAB12,000215729,Габрово,BG322
23950,Дряново,с.,PDV15,000614967,Пловдив,BG421
23964,Дряново,с.,HKV29,000903729,Хасково,BG422
23978,Дряново,с.,JAM25,000970457,Ямбол,BG343
24000,Дуванлии,с.,PDV12,000471340,Пловдив,BG421
24013,Капитан Петко войвода,с.,HKV32,000970464,Хасково,BG422
24027,Дуковци,с.,VTR13,000133762,Велико Търново,BG321
24030,Дулово,гр.,SLS10,000565416,Силистра,BG325
24044,Дунавец,с.,SLS34,000565626,Силистра,BG325
24058,Дунавци,с.,VTR04,000133634,Велико Търново,BG321
24061,Дунавци,гр.,VID09,000159508,Видин,BG311
24075,Дунавци,с.,SZR12,000817778,Стара Загора,BG344
24089,Дунево,с.,SML31,000615118,Смолян,BG424
24092,Бели Лом,с.,RAZ17,000505853,Разград,BG324
24102,Дуранкулак,с.,DOB29,000852957,Добрич,BG332
24116,Лудогорци,с.,RAZ14,000505821,Разград,BG324
24126,Дуровци,с.,VTR14,000133778,Велико Търново,BG321
24133,Дурча,с.,GAB12,000215729,Габрово,BG322
24150,Духовец,с.,RAZ14,000505821,Разград,BG324
24164,Душанци,с.,SFO55,000777216,София,BG412
24178,Душево,с.,GAB29,000215889,Габрово,BG322
24181,Душевски колиби,с.,GAB29,000215889,Габрово,BG322
24195,Душинково,с.,KRZ08,000235831,Кърджали,BG425
24205,Душинци,с.,PER08,000386559,Перник,BG414
24219,Душка,с.,KRZ35,000236164,Кърджали,BG425
24236,Дъбен,с.,LOV19,000291602,Ловеч,BG315
24241,Дъбене,с.,PDV13,000471365,Пловдив,BG421
24253,Дъбник,с.,BGS17,000057179,Бургас,BG341
24267,Дъбница,с.,BLG13,000024752,Благоевград,BG413
24270,Дъбова,с.,SLV11,000590540,Сливен,BG342
24284,Дъбова,с.,SML27,000615075,Смолян,BG424
24298,Дъбова махала,с.,MON07,000320580,Монтана,BG312
24308,Дъбован,с.,PVN08,000413691,Плевен,BG314
24311,Дъбовец,с.,HKV17,000903686,Хасково,BG422
24325,Долна Дъбева,с.,PAZ08,000351580,Пазарджик,BG423
24339,Дъбовик,с.,DOB12,000852633,Добрич,BG332
24342,Дъбово,с.,SZR22,000817867,Стара Загора,BG344
24356,Дъбово,с.,JAM03,000970051,Ямбол,BG343
24367,Дъбрава,с.,BLG03,000024695,Благоевград,BG413
24373,Дъбрава,с.,LOV18,000291591,Ловеч,BG315
24387,Дъбрава,с.,DOB03,000852544,Добрич,BG332
24390,Дъбравата,с.,LOV38,000291723,Ловеч,BG315
24400,Дъбравино,с.,VAR01,000093378,Варна,BG331
24414,Дъбравите,с.,PAZ04,000351558,Пазарджик,BG423
24428,Дъбравица,с.,TGV02,000875557,Търговище,BG334
24431,Дъбравка,с.,VID01,000159458,Видин,BG311
24445,Дъждино,с.,KRZ16,000235920,Кърджали,BG425
24459,Дъждовник,с.,KRZ15,000235913,Кърджали,BG425
24462,Дъждовница,с.,KRZ16,000235920,Кърджали,BG425
24476,Дълбок дол,с.,LOV34,000291709,Ловеч,BG315
24482,Дълбоки,с.,SZR31,000818022,Стара Загора,BG344
24493,Дълбок извор,с.,PDV23,000471536,Пловдив,BG421
24517,Дълга лука,с.,PER51,000386790,Перник,BG414
24520,Дългач,с.,TGV35,000875920,Търговище,BG334
24534,Дълги дел,с.,MON14,000320694,Монтана,BG312
24548,Дълги припек,с.,VTR14,000133778,Велико Търново,BG321
24551,Дългоделци,с.,MON38,000320979,Монтана,BG312
24565,Дългопол,гр.,VAR16,000093524,Варна,BG331
24579,Дълго поле,с.,VID16,000159554,Видин,BG311
24582,Дълго поле,с.,PDV12,000471340,Пловдив,BG421
24596,Дънгово,с.,KRZ16,000235920,Кърджали,BG425
24606,Дървари,с.,GAB35,000215946,Габрово,BG322
24623,Държава,с.,SZR36,000818086,Стара Загора,BG344
24637,Държавен,с.,SZR22,000817867,Стара Загора,BG344
24640,Държаница,с.,VID16,000159554,Видин,BG311
24654,Дърлевци,с.,VTR13,000133762,Велико Търново,BG321
24668,Дърманци,с.,VRC27,000193371,Враца,BG313
24671,Дъскарите,с.,GAB35,000215946,Габрово,BG322
24685,Дъскот,с.,VTR22,000133901,Велико Търново,BG321
24699,Дъскотна,с.,BGS18,000057211,Бургас,BG341
24712,Дюлево,с.,BGS06,000056878,Бургас,BG341
24726,Дюлево,с.,PAZ32,000351864,Пазарджик,BG423
24739,Дюлино,с.,VAR05,000093435,Варна,BG331
24743,Дюлица,с.,KRZ14,000235888,Кърджали,BG425
24757,Дюля,с.,BGS18,000057211,Бургас,BG341
24760,Дядово,с.,SLV16,000590597,Сливен,BG342
24774,Дядовско,с.,KRZ35,000236164,Кърджали,BG425
24788,Дядовци,с.,KRZ02,000235750,Кърджали,BG425
24791,Дяково,с.,KNL48,000261630,Кюстендил,BG415
24829,Дянково,с.,RAZ26,000505910,Разград,BG324
24832,Друган,с.,PER36,000386776,Перник,BG414
24854,Думници,с.,GAB05,000215630,Габрово,BG322
24880,Дедино,с.,KRZ02,000235750,Кърджали,BG425
24894,Долна Василица,с.,SFO25,000776349,София,BG412
24921,Драгомъж,с.,RAZ14,000505821,Разград,BG324
24935,Дисевица,с.,PVN24,000413974,Плевен,BG314
24949,Долно Големанци,с.,HKV34,000903946,Хасково,BG422
24952,Дуня,с.,SML18,000615043,Смолян,BG424
24966,Девинци,с.,KRZ21,000235984,Кърджали,BG425
27019,Евлогиево,с.,PVN21,000413885,Плевен,BG314
27022,Евренозово,с.,BGS12,000057086,Бургас,BG341
27036,Егрек,с.,KRZ15,000235913,Кърджали,BG425
27043,Егълница,с.,PER22,000386694,Перник,BG414
27067,Единаковци,с.,SHU11,000931422,Шумен,BG333
27070,Едрево,с.,SZR38,123116940,Стара Загора,BG344
27084,Ездимирци,с.,PER51,000386790,Перник,BG414
27108,Езерец,с.,DOB29,000852957,Добрич,BG332
27111,Езеро,с.,SLV16,000590597,Сливен,BG342
27125,Езерово,с.,VAR04,000093403,Варна,BG331
27139,Езерово,с.,PDV23,000471536,Пловдив,BG421
27156,Езерче,с.,RAZ36,000505981,Разград,BG324
27169,Екзарх Антимово,с.,BGS09,000057026,Бургас,BG341
27173,Екзарх Йосиф,с.,RSE03,000530479,Русе,BG323
27190,Елена,гр.,VTR13,000133762,Велико Търново,BG321
27200,Елена,с.,HKV34,000903946,Хасково,BG422
27214,Еленино,с.,SZR31,000818022,Стара Загора,BG344
27228,Еленов дол,с.,SFO43,000776502,София,BG412
27231,Еленово,с.,BLG03,000024695,Благоевград,BG413
27245,Еленово,с.,SLV16,000590597,Сливен,BG342
27259,Еленово,с.,TGV24,000875856,Търговище,BG334
27262,Еленска,с.,SML31,000615118,Смолян,BG424
27276,Еленците,с.,GAB12,000215729,Габрово,BG322
27293,Елешница,с.,BLG37,000024948,Благоевград,BG413
27303,Елин Пелин,гр.,SFO17,000776242,София,BG412
27317,Елисейна,с.,VRC27,000193371,Враца,BG313
27320,Еловдол,с.,PER19,000386662,Перник,BG414
27334,Елов дол,с.,SFO07,000776089,София,BG412
27348,Еловица,с.,MON14,000320694,Монтана,BG312
27351,Еловица,с.,PER51,000386790,Перник,BG414
27365,Елховец,с.,SML27,000615075,Смолян,BG424
27379,Елхово,с.,SZR31,000818022,Стара Загора,BG344
27382,Елхово,гр.,JAM07,000970165,Ямбол,BG343
27406,Елшица,с.,PAZ20,000351743,Пазарджик,BG423
27415,Ельово,с.,SML31,000615118,Смолян,BG424
27423,Емен,с.,VTR04,000133634,Велико Търново,BG321
27440,Белодол,с.,BGS17,000057179,Бургас,BG341
27454,Емона,с.,BGS15,000057122,Бургас,BG341
27468,Енево,с.,DOB15,000852188,Добрич,BG332
27471,Енево,с.,SHU22,000931575,Шумен,BG333
27485,Енев рът,с.,GAB29,000215889,Габрово,BG322
27499,Енина,с.,SZR12,000817778,Стара Загора,BG344
27509,Еница,с.,PVN39,000193243,Плевен,BG314
27512,Енчец,с.,KRZ16,000235920,Кърджали,BG425
27526,Енчовци,с.,GAB35,000215946,Габрово,BG322
27543,Еньовче,с.,KRZ02,000235750,Кърджали,BG425
27557,Ерден,с.,MON04,000320566,Монтана,BG312
27574,Еремия,с.,KNL31,000261541,Кюстендил,BG415
27588,Ерма река,с.,SML11,000614938,Смолян,BG424
27591,Еровете,с.,KRZ14,000235888,Кърджали,BG425
27601,Ерул,с.,PER51,000386790,Перник,BG414
27615,Есен,с.,BGS23,000057250,Бургас,BG341
27629,Есеница,с.,VAR09,000093474,Варна,BG331
27632,Етрополе,гр.,SFO18,000776259,София,BG412
27656,Ефрейтор Бакалово,с.,DOB20,000852754,Добрич,BG332
27663,Ефрем,с.,HKV18,000903693,Хасково,BG422
27677,Езерото,с.,GAB05,000215630,Габрово,BG322
27680,Едрино,с.,KRZ15,000235913,Кърджали,BG425
29012,Жабляно,с.,PER19,000386662,Перник,BG414
29026,Жабокрът,с.,KNL29,000261517,Кюстендил,BG415
29035,Жегларци,с.,DOB27,000852925,Добрич,BG332
29043,Жеглица,с.,VID09,000159508,Видин,BG311
29060,Жедна,с.,PER36,000386776,Перник,BG414
29074,Железари,с.,HKV11,000235870,Хасково,BG422
29091,Железарци,с.,VTR31,000133972,Велико Търново,BG321
29101,Железино,с.,HKV11,000235870,Хасково,BG422
29115,Железна,с.,MON36,000320961,Монтана,BG312
29129,Железник,с.,BGS09,000057026,Бургас,BG341
29132,Железник,с.,KRZ35,000236164,Кърджали,BG425
29146,Железница,с.,BLG44,000024987,Благоевград,BG413
29150,Железница,с.,SOF46,000696327,София (столица),BG411
29163,Желен,с.,SFO43,000776502,София,BG412
29177,Желъд,с.,SHU25,000931657,Шумен,BG333
29180,Желъдово,с.,KRZ08,000235831,Кърджали,BG425
29194,Желю войвода,с.,SLV20,000590654,Сливен,BG342
29204,Желява,с.,SOF46,000696327,София (столица),BG411
29218,Желязковец,с.,RAZ29,000505928,Разград,BG324
29221,Момина църква,с.,BGS06,000056878,Бургас,BG341
29235,Желязно,с.,PDV17,000472182,Пловдив,BG421
29249,Желязово,с.,BGS08,000057001,Бургас,BG341
29252,Женда,с.,KRZ35,000236164,Кърджали,BG425
29266,Жеравино,с.,KNL29,000261517,Кюстендил,BG415
29283,Жеравна,с.,SLV11,000590540,Сливен,BG342
29297,Жерговец,с.,SZR37,123092756,Стара Загора,BG344
29310,Жернов,с.,PVN21,000413885,Плевен,BG314
29324,Живко,с.,GAB05,000215630,Габрово,BG322
29338,Живково,с.,SFO20,000776299,София,BG412
29341,Живково,с.,SHU11,000931422,Шумен,BG333
29372,Жижево,с.,BLG42,000024962,Благоевград,BG413
29386,Жиленци,с.,KNL29,000261517,Кюстендил,BG415
29391,Жилино,с.,SHU22,000931575,Шумен,BG333
29407,Жинзифово,с.,KRZ16,000235920,Кърджали,BG425
29413,Житарник,с.,KRZ16,000235920,Кърджали,BG425
29430,Житен,с.,SOF46,000696327,София (столица),BG411
29444,Житен,с.,DOB12,000852633,Добрич,BG332
29458,Житница,с.,VAR24,000093638,Варна,BG331
29461,Житница,с.,KRZ35,000236164,Кърджали,BG425
29475,Житница,с.,PDV12,000471340,Пловдив,BG421
29489,Житница,с.,DOB15,000852188,Добрич,BG332
29492,Житосвят,с.,BGS09,000057026,Бургас,BG341
29502,Жребево,с.,SML09,000614895,Смолян,BG424
29516,Жребино,с.,JAM07,000970165,Ямбол,BG343
29522,Жребичко,с.,PAZ06,000351565,Пазарджик,BG423
29533,Жълт бряг,с.,SLV24,000590704,Сливен,BG342
29547,Жълтеш,с.,GAB05,000215630,Габрово,BG322
29550,Жълти бряг,с.,HKV30,000904261,Хасково,BG422
29564,Жълти рид,с.,KRZ08,000235831,Кърджали,BG425
29581,Жълт камък,с.,PDV01,000471059,Пловдив,BG421
29595,Жълтопоп,с.,SZR37,123092756,Стара Загора,BG344
29605,Жълтуша,с.,KRZ02,000235750,Кърджали,BG425
29619,Жълтика,с.,KRZ08,000235831,Кърджали,BG425
29622,Житуша,с.,PER36,000386776,Перник,BG414
30017,Забел,с.,PER51,000386790,Перник,BG414
30020,Заберново,с.,BGS12,000057086,Бургас,BG341
30034,Забърдо,с.,SML38,000615164,Смолян,BG424
30048,Завала,с.,PER08,000386559,Перник,BG414
30051,Завет,с.,BGS23,000057250,Бургас,BG341
30065,Завет,гр.,RAZ11,000505814,Разград,BG324
30079,Заветно,с.,TGV24,000875856,Търговище,BG334
30082,Завидовци,с.,SFO43,000776502,София,BG412
30096,Завой,с.,JAM25,000970457,Ямбол,BG343
30106,Завоя,с.,KRZ14,000235888,Кърджали,BG425
30119,Загоре,с.,SZR31,000818022,Стара Загора,BG344
30137,Загориче,с.,SHU18,000931881,Шумен,BG333
30140,Загорски,с.,KRZ14,000235888,Кърджали,BG425
30154,Загорско,с.,KRZ21,000235984,Кърджали,BG425
30168,Загорци,с.,BGS06,000056878,Бургас,BG341
30171,Загорци,с.,SLV16,000590597,Сливен,BG342
30185,Загорци,с.,DOB20,000852754,Добрич,BG332
30199,Загражден,с.,PVN08,000413691,Плевен,BG314
30209,Загражден,с.,SML02,000614952,Смолян,BG424
30212,Задруга,с.,RAZ16,000505846,Разград,BG324
30226,Заевите,с.,SML31,000615118,Смолян,BG424
30234,Заимчево,с.,BGS18,000057211,Бургас,BG341
30243,Зайчар,с.,BGS18,000057211,Бургас,BG341
30257,Зайчари,с.,SLV20,000590654,Сливен,BG342
30260,Зайчино,с.,KRZ16,000235920,Кърджали,BG425
30274,Зайчино ореше,с.,SHU22,000931575,Шумен,BG333
30291,Замфир,с.,MON24,000320840,Монтана,BG312
30301,Замфирово,с.,MON02,000320559,Монтана,BG312
30329,Заноге,с.,SFO43,000776502,София,BG412
30332,Зараево,с.,TGV24,000875856,Търговище,BG334
30346,Зарник,с.,SLS15,000565430,Силистра,BG325
30350,Заселе,с.,SFO43,000776502,София,BG412
30363,Засмяно,с.,VAR02,000093385,Варна,BG331
30377,Зафирово,с.,SLS07,000565380,Силистра,BG325
30380,Могилино,с.,RSE08,000530529,Русе,BG323
30394,Захари Стояново,с.,DOB29,000852957,Добрич,BG332
30404,Захари Стояново,с.,TGV24,000875856,Търговище,BG334
30418,Зая,с.,GAB12,000215729,Габрово,BG322
30421,Звегор,с.,SHU11,000931422,Шумен,BG333
30435,Звезда,с.,BGS18,000057211,Бургас,BG341
30449,Звезда,с.,TGV24,000875856,Търговище,BG334
30452,Звездел,с.,KRZ21,000235984,Кърджали,BG425
30466,Звезделина,с.,KRZ16,000235920,Кърджали,BG425
30475,Звезден,с.,KRZ16,000235920,Кърджали,BG425
30483,Звездец,с.,BGS12,000057086,Бургас,BG341
30497,Звездица,с.,VAR06,000093442,Варна,BG331
30507,Звенимир,с.,SLS07,000565380,Силистра,BG325
30510,Зверино,с.,VRC27,000193371,Враца,BG313
30524,Звиница,с.,KRZ16,000235920,Кърджали,BG425
30538,Звънарка,с.,KRZ15,000235913,Кърджали,BG425
30541,Звънарци,с.,RAZ16,000505846,Разград,BG324
30555,Звънец,с.,VAR09,000093474,Варна,BG331
30569,Звъника,с.,KRZ16,000235920,Кърджали,BG425
30572,Звъничево,с.,PAZ19,000351736,Пазарджик,BG423
30586,Звънче,с.,KRZ16,000235920,Кърджали,BG425
30590,Згалево,с.,PVN27,000413999,Плевен,BG314
30606,Згориград,с.,VRC10,000193115,Враца,BG313
30613,Згурово,с.,KNL31,000261541,Кюстендил,BG415
30627,Здравец,с.,VAR01,000093378,Варна,BG331
30630,Здравец,с.,RAZ29,000505928,Разград,BG324
30644,Здравец,с.,TGV35,000875920,Търговище,BG334
30658,Здравец,с.,HKV09,000903533,Хасково,BG422
30661,Здравковец,с.,GAB05,000215630,Габрово,BG322
30675,Здравчец,с.,KRZ14,000235888,Кърджали,BG425
30689,Зебил,с.,SLS07,000565380,Силистра,BG325
30692,Зелена морава,с.,TGV22,000875817,Търговище,BG334
30702,Зелендол,с.,BLG03,000024695,Благоевград,BG413
30716,Зелениград,с.,PER51,000386790,Перник,BG414
30721,Зеленик,с.,VTR13,000133762,Велико Търново,BG321
30733,Зеленика,с.,GAB35,000215946,Габрово,BG322
30747,Зелениково,с.,KRZ16,000235920,Кърджали,BG425
30750,Зелениково,с.,PDV07,000471123,Пловдив,BG421
30764,Зелено дърво,с.,GAB05,000215630,Габрово,BG322
30778,Земен,гр.,PER19,000386662,Перник,BG414
30781,Земенци,с.,DOB20,000852754,Добрич,BG332
30795,Землен,с.,SZR27,000817956,Стара Загора,BG344
30805,Зетьово,с.,BGS01,000056764,Бургас,BG341
30819,Зетьово,с.,SZR36,000818086,Стара Загора,BG344
30822,Зидарово,с.,BGS21,000057236,Бургас,BG341
30836,Зидарци,с.,PER32,000386751,Перник,BG414
30847,Зимевица,с.,SFO43,000776502,София,BG412
30853,Зимен,с.,BGS09,000057026,Бургас,BG341
30867,Зимзелен,с.,KRZ16,000235920,Кърджали,BG425
30870,Зимница,с.,SZR22,000817867,Стара Загора,BG344
30884,Зимница,с.,DOB20,000852754,Добрич,BG332
30898,Зимница,с.,JAM22,000970432,Ямбол,BG343
30908,Зимовина,с.,HKV30,000904261,Хасково,BG422
30911,Зиморница,с.,KRZ15,000235913,Кърджали,BG425
30942,Златар,с.,SHU23,000931625,Шумен,BG333
30956,Златари,с.,JAM25,000970457,Ямбол,BG343
30962,Златарица,гр.,VTR14,000133778,Велико Търново,BG321
30973,Златевци,с.,GAB05,000215630,Габрово,BG322
30990,Злати войвода,с.,SLV20,000590654,Сливен,BG342
31005,Златина,с.,VAR24,000093638,Варна,BG331
31019,Златиница,с.,JAM03,000970051,Ямбол,BG343
31022,Златирът,с.,SZR37,123092756,Стара Загора,BG344
31036,Златитрап,с.,PDV26,000472200,Пловдив,BG421
31044,Златица,гр.,SFO47,000776464,София,BG412
31053,Златия,с.,MON11,000320648,Монтана,BG312
31067,Златия,с.,DOB15,000852188,Добрич,BG332
31070,Златна ливада,с.,SZR36,000818086,Стара Загора,BG344
31084,Златна нива,с.,SHU19,000931511,Шумен,BG333
31098,Златна Панега,с.,LOV38,000291723,Ловеч,BG315
31108,Златовръх,с.,PDV01,000471059,Пловдив,BG421
31111,Златоград,гр.,SML11,000614938,Смолян,BG424
31125,Златоклас,с.,SLS10,000565416,Силистра,BG325
31139,Златолист,с.,BLG40,000024955,Благоевград,BG413
31142,Златолист,с.,KRZ15,000235913,Кърджали,BG425
31156,Златополе,с.,HKV09,000903533,Хасково,BG422
31160,Златосел,с.,PDV07,000471123,Пловдив,BG421
31173,Златоустово,с.,HKV18,000903693,Хасково,BG422
31187,Златуша,с.,SFO06,000776071,София,BG412
31190,Злидол,с.,VRC27,000193371,Враца,BG313
31200,Злогош,с.,KNL50,000261655,Кюстендил,BG415
31214,Злокучене,с.,PAZ29,000351825,Пазарджик,BG423
31228,Злокучене,с.,SFO39,000776491,София,BG412
31245,Змеево,с.,DOB03,000852544,Добрич,BG332
31259,Змеица,с.,SML10,000614906,Смолян,BG424
31262,Змейно,с.,TGV22,000875817,Търговище,BG334
31276,Змейово,с.,SZR31,000818022,Стара Загора,BG344
31285,Змиево,с.,SML31,000615118,Смолян,BG424
31293,Знаменосец,с.,SZR27,000817956,Стара Загора,BG344
31303,Зограф,с.,DOB12,000852633,Добрич,BG332
31317,Зойчене,с.,BLG33,000024916,Благоевград,BG413
31334,Зорница,с.,VAR02,000093385,Варна,BG331
31348,Зорница,с.,KRZ16,000235920,Кърджали,BG425
31351,Зорница,с.,SML38,000615164,Смолян,BG424
31365,Зорница,с.,HKV34,000903946,Хасково,BG422
31379,Зорница,с.,BGS06,000056878,Бургас,BG341
31396,Зърнево,с.,DOB27,000852925,Добрич,BG332
31406,Зарица,с.,SLS07,000565380,Силистра,BG325
31416,Звездица,с.,TGV22,000875817,Търговище,BG334
31423,Здравец,с.,PDV15,000614967,Пловдив,BG421
31841,Чучур,с.,SML31,000615118,Смолян,BG424
32010,Ивайло,с.,PAZ19,000351736,Пазарджик,BG423
32024,Ивайловград,гр.,HKV11,000235870,Хасково,BG422
32038,Иван Вазово,с.,PDV12,000471340,Пловдив,BG421
32041,Иван Димов,с.,GAB35,000215946,Габрово,BG322
32055,Иванивановци,с.,VTR13,000133762,Велико Търново,BG321
32069,Иванили,с.,GAB05,000215630,Габрово,BG322
32072,Иванковци,с.,GAB05,000215630,Габрово,BG322
32086,Иваново,с.,BLG33,000024916,Благоевград,BG413
32095,Иваново,с.,RSE13,000530536,Русе,BG323
32100,Иваново,с.,HKV33,000903939,Хасково,BG422
32113,Иваново,с.,SHU10,000931415,Шумен,BG333
32127,Ивановци,с.,VTR04,000133634,Велико Търново,BG321
32130,Ивановци,с.,VID09,000159508,Видин,BG311
32144,Ивановци,с.,KNL29,000261517,Кюстендил,BG415
32158,Ивански,с.,SHU30,000931721,Шумен,BG333
32161,Иванци,с.,KRZ16,000235920,Кърджали,BG425
32175,Иванча,с.,VTR26,000133933,Велико Търново,BG321
32189,Иванча,с.,TGV24,000875856,Търговище,BG334
32192,Иван Шишманово,с.,RAZ11,000505814,Разград,BG324
32216,Иваняне,с.,SOF46,000696327,София (столица),BG411
32226,Иганово,с.,PDV13,000471365,Пловдив,BG421
32233,Иглика,с.,GAB05,000215630,Габрово,BG322
32250,Иглика,с.,SHU11,000931422,Шумен,BG333
32264,Иглика,с.,JAM03,000970051,Ямбол,BG343
32278,Игнатиево,гр.,VAR02,000093385,Варна,BG331
32281,Игнатица,с.,VRC27,000193371,Враца,BG313
32295,Игнатово,с.,MON11,000320648,Монтана,BG312
32305,Игнатовци,с.,VTR13,000133762,Велико Търново,BG321
32319,Игнатовци,с.,GAB12,000215729,Габрово,BG322
32322,Игралище,с.,BLG49,000024713,Благоевград,BG413
32336,Идилево,с.,GAB29,000215889,Габрово,BG322
32341,Избеглии,с.,PDV01,000471059,Пловдив,BG421
32353,Избул,с.,SHU22,000931575,Шумен,BG333
32367,Извор,с.,BGS04,000056814,Бургас,BG341
32370,Извор,с.,VID16,000159554,Видин,BG311
32384,Извор,с.,PER36,000386776,Перник,BG414
32398,Нови извор,с.,PDV01,000471059,Пловдив,BG421
32408,Извор,с.,PDV26,000472200,Пловдив,BG421
32411,Извор,с.,SFO45,000776517,София,BG412
32425,Изворище,с.,BGS04,000056814,Бургас,BG341
32439,Извор махала,с.,VID22,000159629,Видин,BG311
32442,Изворник,с.,VAR09,000093474,Варна,BG331
32456,Изворово,с.,SZR36,000818086,Стара Загора,BG344
32467,Изворово,с.,DOB12,000852633,Добрич,BG332
32473,Изворово,с.,TGV02,000875557,Търговище,BG334
32487,Изворово,с.,HKV33,000903939,Хасково,BG422
32490,Изворско,с.,VAR02,000093385,Варна,BG331
32500,Изворче,с.,LOV18,000291591,Ловеч,BG315
32514,Изгрев,с.,BGS13,000057097,Бургас,BG341
32528,Изгрев,с.,VAR26,000093684,Варна,BG331
32531,Изгрев,с.,PVN16,000413814,Плевен,BG314
32545,Изгрев,с.,SLV20,000590654,Сливен,BG342
32559,Изгрев,с.,SML18,000615043,Смолян,BG424
32562,Изгрев,с.,SHU07,000931397,Шумен,BG333
32576,Изгрев,с.,JAM07,000970165,Ямбол,BG343
32582,Източник,с.,GAB05,000215630,Габрово,BG322
32593,Илаков рът,с.,VTR13,000133762,Велико Търново,BG321
32603,Смолево,с.,BLG53,000025039,Благоевград,BG413
32617,Илевци,с.,VTR04,000133634,Велико Търново,BG321
32620,Илийно,с.,TGV22,000875817,Търговище,BG334
32634,Илийско,с.,KRZ08,000235831,Кърджали,BG425
32648,Илинден,с.,BLG52,000025014,Благоевград,BG413
32651,Илинден,с.,SFO56,000777248,София,BG412
32665,Илинденци,с.,BLG49,000024713,Благоевград,BG413
32679,Илиница,с.,KRZ16,000235920,Кърджали,BG425
32682,Илиювци,с.,VTR13,000133762,Велико Търново,BG321
32696,Илия,с.,KNL31,000261541,Кюстендил,BG415
32706,Илия Блъсково,с.,SHU30,000931721,Шумен,BG333
32723,Имренчево,с.,SHU23,000931625,Шумен,BG333
32737,Индже войвода,с.,BGS21,000057236,Бургас,BG341
32740,Генерал Инзово,с.,JAM25,000970457,Ямбол,BG343
32754,Иново,с.,VID09,000159508,Видин,BG311
32768,Иречек,с.,DOB17,000852697,Добрич,BG332
32771,Иречеково,с.,JAM22,000970432,Ямбол,BG343
32785,Иринеци,с.,GAB35,000215946,Габрово,BG322
32799,Ирник,с.,SLS32,000565544,Силистра,BG325
32809,Искра,с.,BGS09,000057026,Бургас,BG341
32812,Искра,с.,GAB12,000215729,Габрово,BG322
32826,Искра,с.,PDV23,000471536,Пловдив,BG421
32839,Искра,с.,SLS32,000565544,Силистра,BG325
32843,Искрец,с.,SFO43,000776502,София,BG412
32857,Искрица,с.,SZR07,000817696,Стара Загора,BG344
32860,Искър,с.,VAR09,000093474,Варна,BG331
32874,Исперих,гр.,RAZ14,000505821,Разград,BG324
32888,Исперихово,с.,PAZ06,000351565,Пазарджик,BG423
32891,Исьовци,с.,SML31,000615118,Смолян,BG424
32901,Ихтиман,гр.,SFO20,000776299,София,BG412
32915,Ичера,с.,SLV20,000590654,Сливен,BG342
32929,Иваново,с.,SML27,000615075,Смолян,BG424
32946,Искра,с.,KRZ02,000235750,Кърджали,BG425
34014,Йерусалимово,с.,HKV17,000903686,Хасково,BG422
34028,Йоаким Груево,с.,PDV41,115245280,Пловдив,BG421
34045,Йовково,с.,DOB12,000852633,Добрич,BG332
34062,Йововци,с.,GAB35,000215946,Габрово,BG322
34076,Йовчевци,с.,VTR04,000133634,Велико Търново,BG321
34093,Йоглав,с.,LOV18,000291591,Ловеч,BG315
34103,Йонково,с.,RAZ14,000505821,Разград,BG324
34117,Йончово,с.,KRZ35,000236164,Кърджали,BG425
34120,Елешница,с.,SFO17,000776242,София,BG412
34134,Йорданово,с.,SLS31,000565537,Силистра,BG325
35016,Светлен,с.,KRZ14,000235888,Кърджали,BG425
35028,Кабиле,с.,JAM25,000970457,Ямбол,BG343
35033,Каблешково,гр.,BGS17,000057179,Бургас,BG341
35047,Каблешково,с.,KRZ35,000236164,Кърджали,BG425
35050,Каблешково,с.,DOB27,000852925,Добрич,BG332
35064,Каварна,гр.,DOB17,000852697,Добрич,BG332
35078,Кавлак,с.,VTR31,000133972,Велико Търново,BG321
35081,Кавракирово,с.,BLG33,000024916,Благоевград,BG413
35095,Кадиево,с.,PDV26,000472200,Пловдив,BG421
35105,Сушица,с.,BLG44,000024987,Благоевград,BG413
35119,Кадровица,с.,KNL31,000261541,Кюстендил,BG415
35136,Невестино,с.,KRZ16,000235920,Кърджали,BG425
35143,Казак,с.,HKV11,000235870,Хасково,BG422
35153,Казанка,с.,SZR31,000818022,Стара Загора,BG344
35167,Казанлък,гр.,SZR12,000817778,Стара Загора,BG344
35184,Казаците,с.,KRZ08,000235831,Кърджали,BG425
35198,Казачево,с.,LOV18,000291591,Ловеч,BG315
35208,Казашка река,с.,VAR01,000093378,Варна,BG331
35211,Казашко,с.,VAR06,000093442,Варна,BG331
35225,Казимир,с.,SLS31,000565537,Силистра,BG325
35239,Казичене,с.,SOF46,000696327,София (столица),BG411
35242,Кайнарджа,с.,SLS15,000565430,Силистра,BG325
35269,Калайджиево,с.,KRZ15,000235913,Кърджали,BG425
35273,Калайджии,с.,VTR14,000133778,Велико Търново,BG321
35290,Калейца,с.,LOV34,000291709,Ловеч,BG315
35300,Калековец,с.,PDV17,000472182,Пловдив,BG421
35314,Кален,с.,VRC27,000193371,Враца,BG313
35328,Каленик,с.,VID09,000159508,Видин,BG311
35331,Каленик,с.,LOV36,000291716,Ловеч,BG315
35345,Каленовци,с.,SFO09,000776160,София,BG412
35362,Калиманци,с.,BLG40,000024955,Благоевград,BG413
35376,Калиманци,с.,VAR26,000093684,Варна,BG331
35384,Калина,с.,VID06,000159489,Видин,BG311
35393,Калина,с.,DOB12,000852633,Добрич,BG332
35403,Калинка,с.,KRZ16,000235920,Кърджали,BG425
35417,Калино,с.,SHU11,000931422,Шумен,BG333
35420,Калитиново,с.,SZR31,000818022,Стара Загора,BG344
35434,Калище,с.,PER22,000386694,Перник,BG414
35448,Калнище,с.,TGV02,000875557,Търговище,BG334
35451,Калово,с.,BGS12,000057086,Бургас,BG341
35465,Каломен,с.,GAB12,000215729,Габрово,BG322
35479,Калотина,с.,SFO16,000776235,София,BG412
35482,Калотинци,с.,PER19,000386662,Перник,BG414
35496,Калофер,гр.,PDV13,000471365,Пловдив,BG421
35506,Калоян,с.,VAR09,000093474,Варна,BG331
35515,Калояновец,с.,SZR31,000818022,Стара Загора,BG344
35523,Калояново,с.,PDV12,000471340,Пловдив,BG421
35537,Калояново,с.,SLV20,000590654,Сливен,BG342
35540,Калоянци,с.,KRZ16,000235920,Кърджали,BG425
35554,Калугерене,с.,SLS07,000565380,Силистра,BG325
35571,Калугерово,с.,PAZ14,000351693,Пазарджик,BG423
35585,Калугерово,с.,SFO34,000776477,София,BG412
35599,Калугерово,с.,HKV29,000903729,Хасково,BG422
35609,Калчево,с.,JAM25,000970457,Ямбол,BG343
35626,Калчовци,с.,GAB05,000215630,Габрово,BG322
35630,Камбелевци,с.,SFO16,000776235,София,BG412
35643,Камбурово,с.,TGV22,000875817,Търговище,BG334
35657,Камен,с.,VTR31,000133972,Велико Търново,BG321
35660,Камен,с.,SLV20,000590654,Сливен,BG342
35674,Камен,с.,DOB15,000852188,Добрич,BG332
35688,Камена,с.,BLG33,000024916,Благоевград,BG413
35701,Каменар,с.,VAR06,000093442,Варна,BG331
35715,Каменар,с.,RAZ17,000505853,Разград,BG324
35729,Каменари,с.,VTR13,000133762,Велико Търново,BG321
35732,Каменарци,с.,KRZ16,000235920,Кърджали,BG425
35746,Камен бряг,с.,DOB17,000852697,Добрич,BG332
35756,Камен връх,с.,JAM03,000970051,Ямбол,BG343
35777,Камен дял,с.,VAR16,000093524,Варна,BG331
35780,Каменец,с.,PVN27,000413999,Плевен,BG314
35794,Каменец,с.,JAM22,000970432,Ямбол,BG343
35804,Каменик,с.,KNL05,000261370,Кюстендил,BG415
35818,Каменица,с.,BLG49,000024713,Благоевград,BG413
35821,Каменица,с.,SFO56,000777248,София,BG412
35835,Каменичка Скакавица,с.,KNL29,000261517,Кюстендил,BG415
35849,Каменка,с.,KRZ15,000235913,Кърджали,BG425
35866,Каменна река,с.,HKV32,000970464,Хасково,BG422
35871,Каменна Рикса,с.,MON14,000320694,Монтана,BG312
35883,Камено,гр.,BGS08,000057001,Бургас,BG341
35897,Каменово,с.,RAZ16,000505846,Разград,BG324
35907,Каменово,с.,SLV16,000590597,Сливен,BG342
35910,Камено поле,с.,VRC32,000193460,Враца,BG313
35938,Каменци,с.,SLS15,000565430,Силистра,BG325
35955,Каменяк,с.,BGS18,000057211,Бургас,BG341
35969,Каменяк,с.,SHU11,000931422,Шумен,BG333
35972,Каменяне,с.,KRZ08,000235831,Кърджали,BG425
35986,Камещица,с.,GAB05,000215630,Габрово,BG322
35997,Камилски дол,с.,HKV11,000235870,Хасково,BG422
36004,Камчия,с.,BGS23,000057250,Бургас,BG341
36021,Кандилка,с.,KRZ15,000235913,Кърджали,BG425
36035,Кандови,с.,PAZ08,000351580,Пазарджик,BG423
36049,Каниц,с.,VID03,000159472,Видин,BG311
36052,Кантари,с.,VTR13,000133762,Велико Търново,BG321
36066,Каняк,с.,KRZ35,000236164,Кърджали,BG425
36079,Каолиново,гр.,SHU18,000931881,Шумен,BG333
36083,Капатово,с.,BLG33,000024916,Благоевград,BG413
36107,Къпиново,с.,VTR04,000133634,Велико Търново,BG321
36110,Капитан Андреево,с.,HKV28,000903825,Хасково,BG422
36124,Капитан Димитриево,с.,PAZ21,000351750,Пазарджик,BG423
36138,Капитан Димитрово,с.,DOB20,000852754,Добрич,BG332
36141,Капитановци,с.,VID09,000159508,Видин,BG311
36155,Капитан Петко,с.,SHU07,000931397,Шумен,BG333
36169,Капище,с.,TGV02,000875557,Търговище,BG334
36172,Карабунар,с.,PAZ29,000351825,Пазарджик,BG423
36186,Каравелово,с.,PDV13,000471365,Пловдив,BG421
36194,Каравелово,с.,SHU21,000931568,Шумен,BG333
36200,Каравелово,с.,JAM25,000970457,Ямбол,BG343
36213,Каравельово,с.,BGS18,000057211,Бургас,BG341
36227,Карагеоргиево,с.,BGS01,000056764,Бургас,BG341
36230,Караджалово,с.,PDV23,000471536,Пловдив,BG421
36244,Караджово,с.,PDV28,000471582,Пловдив,BG421
36261,Караиванца,с.,GAB12,000215729,Габрово,BG322
36275,Караиванци,с.,VTR13,000133762,Велико Търново,BG321
36289,Караисен,с.,VTR22,000133901,Велико Търново,BG321
36292,Карали,с.,GAB05,000215630,Габрово,BG322
36302,Караманите,с.,VAR09,000093474,Варна,BG331
36316,Караманово,с.,RSE37,000530671,Русе,BG323
36325,Караманци,с.,HKV19,000903743,Хасково,BG422
36333,Кара Михал,с.,RAZ29,000505928,Разград,BG324
36347,Карамичевци,с.,GAB29,000215889,Габрово,BG322
36350,Карамфил,с.,KRZ21,000235984,Кърджали,BG425
36364,Каран Върбовка,с.,RSE08,000530529,Русе,BG323
36378,Карандили,с.,VTR13,000133762,Велико Търново,BG321
36381,Караново,с.,BGS01,000056764,Бургас,BG341
36395,Караново,с.,SLV16,000590597,Сливен,BG342
36405,Каранци,с.,VTR26,000133933,Велико Търново,BG321
36419,Карапелит,с.,DOB15,000852188,Добрич,BG332
36422,Караполци,с.,SFO17,000776242,София,BG412
36436,Караш,с.,VRC32,000193460,Враца,BG313
36440,Карбинци,с.,VID16,000159554,Видин,BG311
36453,Карвуна,с.,DOB03,000852544,Добрич,BG332
36467,Кардам,с.,DOB12,000852633,Добрич,BG332
36470,Кардам,с.,TGV24,000875856,Търговище,BG334
36484,Карлиево,с.,SFO47,000776464,София,BG412
36498,Карлово,гр.,PDV13,000471365,Пловдив,BG421
36508,Карловско,с.,HKV11,000235870,Хасково,BG422
36511,Карлуково,с.,LOV19,000291602,Ловеч,BG315
36525,Карнобат,гр.,BGS09,000057026,Бургас,BG341
36556,Касапско,с.,SML16,000614984,Смолян,BG424
36566,Касилаг,с.,PER36,000386776,Перник,BG414
36573,Каснаково,с.,HKV09,000903533,Хасково,BG422
36587,Каспичан,гр.,SHU19,000931511,Шумен,BG333
36590,Каспичан,с.,SHU19,000931511,Шумен,BG333
36600,Кастел,с.,GAB29,000215889,Габрово,BG322
36614,Катерица,с.,PVN27,000413999,Плевен,BG314
36628,Катранджии,с.,GAB12,000215729,Габрово,BG322
36631,Катраница,с.,SML31,000615118,Смолян,BG424
36659,Катрище,с.,KNL29,000261517,Кюстендил,BG415
36662,Катунец,с.,LOV36,000291716,Ловеч,BG315
36676,Катуница,с.,PDV28,000471582,Пловдив,BG421
36681,Катунище,с.,SLV11,000590540,Сливен,BG342
36693,Катунци,с.,BLG40,000024955,Благоевград,BG413
36703,Кацелово,с.,RSE08,000530529,Русе,BG323
36717,Качулка,с.,KRZ15,000235913,Кърджали,BG425
36720,Кашенци,с.,GAB35,000215946,Габрово,BG322
36734,Кашина,с.,BLG40,000024955,Благоевград,BG413
36748,Каялоба,с.,KRZ14,000235888,Кърджали,BG425
36751,Керека,с.,GAB12,000215729,Габрово,BG322
36765,Керените,с.,GAB35,000215946,Габрово,BG322
36779,Кермен,гр.,SLV20,000590654,Сливен,BG342
36782,Кесарево,с.,VTR31,000133972,Велико Търново,BG321
36796,Кестен,с.,SML09,000614895,Смолян,BG424
36806,Кестеново,с.,TGV22,000875817,Търговище,BG334
36823,Киевци,с.,GAB05,000215630,Габрово,BG322
36837,Килифарево,гр.,VTR04,000133634,Велико Търново,BG321
36854,Кипилово,с.,SLV11,000590540,Сливен,BG342
36868,Кипра,с.,VAR14,000093645,Варна,BG331
36871,Киревци,с.,VTR13,000133762,Велико Търново,BG321
36885,Киреево,с.,VID25,000159636,Видин,BG311
36899,Кирилово,с.,SZR31,000818022,Стара Загора,BG344
36909,Кирилово,с.,JAM07,000970165,Ямбол,BG343
36926,Кирково,с.,KRZ14,000235888,Кърджали,BG425
36938,Кирово,с.,BGS06,000056878,Бургас,BG341
36943,Кирчево,с.,LOV36,000291716,Ловеч,BG315
36957,Киселево,с.,MON07,000320580,Монтана,BG312
36960,Киселица,с.,KNL50,000261655,Кюстендил,BG415
36974,Киселчово,с.,SML31,000615118,Смолян,BG424
36988,Киселковци,с.,GAB35,000215946,Габрово,BG322
36991,Кисийците,с.,GAB35,000215946,Габрово,BG322
37006,Кисьовци,с.,VTR04,000133634,Велико Търново,BG321
37010,Китанчево,с.,RAZ14,000505821,Разград,BG324
37023,Китен,гр.,BGS27,102164063,Бургас,BG341
37037,Китен,с.,VAR24,000093638,Варна,BG331
37040,Китино,с.,TGV02,000875557,Търговище,BG334
37068,Китка,с.,VAR01,000093378,Варна,BG331
37071,Китна,с.,KRZ14,000235888,Кърджали,BG425
37085,Китница,с.,KRZ02,000235750,Кърджали,BG425
37099,Кичево,с.,VAR02,000093385,Варна,BG331
37109,Киченица,с.,RAZ26,000505910,Разград,BG324
37126,Кладенец,с.,HKV30,000904261,Хасково,BG422
37135,Кладенец,с.,SHU30,000931721,Шумен,BG333
37143,Кладенци,с.,BLG33,000024916,Благоевград,BG413
37157,Кладенци,с.,DOB27,000852925,Добрич,BG332
37160,Кладни дял,с.,VTR04,000133634,Велико Търново,BG321
37174,Кладница,с.,PER32,000386751,Перник,BG414
37188,Кладоруб,с.,VID16,000159554,Видин,BG311
37191,Клепало,с.,BLG49,000024713,Благоевград,BG413
37201,Кликач,с.,BGS09,000057026,Бургас,BG341
37215,Климаш,с.,BGS23,000057250,Бургас,BG341
37229,Климент,с.,PDV13,000471365,Пловдив,BG421
37232,Климент,с.,SHU18,000931881,Шумен,BG333
37246,Климентово,с.,VAR02,000093385,Варна,BG331
37263,Клисура,с.,BLG03,000024695,Благоевград,BG413
37277,Клисура,гр.,PDV13,000471365,Пловдив,BG421
37280,Клисура,с.,SOF46,000696327,София (столица),BG411
37294,Клисура,с.,SFO39,000776491,София,BG412
37304,Клисурица,с.,MON29,000320872,Монтана,BG312
37318,Клисурски манастир,ман.,MON12,000320655,Монтана,BG312
37321,Клокотница,с.,HKV34,000903946,Хасково,BG422
37335,Клъшка река,с.,VTR04,000133634,Велико Търново,BG321
37349,Ключ,с.,BLG33,000024916,Благоевград,BG413
37352,Кметовци,с.,GAB05,000215630,Габрово,BG322
37366,Кметчета,с.,GAB05,000215630,Габрово,BG322
37376,Кнежа,гр.,PVN39,000193243,Плевен,BG314
37383,Книжовник,с.,HKV34,000903946,Хасково,BG422
37397,Княжева махала,с.,MON07,000320580,Монтана,BG312
37407,Княжево,с.,HKV32,000970464,Хасково,BG422
37410,Кобилино,с.,HKV11,000235870,Хасково,BG422
37424,Кобиляк,с.,MON04,000320566,Монтана,BG312
37438,Кобиляне,с.,KRZ16,000235920,Кърджали,BG425
37455,Ковач,с.,SZR27,000817956,Стара Загора,BG344
37469,Ковачевец,с.,TGV24,000875856,Търговище,BG334
37472,Ковачевица,с.,BLG13,000024752,Благоевград,BG413
37486,Ковачево,с.,BLG40,000024955,Благоевград,BG413
37491,Ковачево,с.,PAZ29,000351825,Пазарджик,BG423
37507,Ковачево,с.,SZR27,000817956,Стара Загора,BG344
37513,Ковачевци,с.,PER22,000386694,Перник,BG414
37527,Ковачевци,с.,SFO39,000776491,София,BG412
37530,Ковачите,с.,SLV20,000590654,Сливен,BG342
37544,Ковачица,с.,MON24,000320840,Монтана,BG312
37558,Ковил,с.,KRZ15,000235913,Кърджали,BG425
37561,Коевци,с.,VTR32,000133997,Велико Търново,BG321
37575,Коевци,с.,GAB35,000215946,Габрово,BG322
37592,Кожари,с.,SML05,000614856,Смолян,BG424
37602,Кожинци,с.,PER51,000386790,Перник,BG414
37616,Кожлювци,с.,VTR13,000133762,Велико Търново,BG321
37622,Кожухарци,с.,KRZ15,000235913,Кърджали,BG425
37633,Козаново,с.,PDV01,000471059,Пловдив,BG421
37647,Козар Белене,с.,PVN16,000413814,Плевен,BG314
37650,Козаре,с.,BGS09,000057026,Бургас,BG341
37664,Козаревец,с.,VTR20,000133844,Велико Търново,BG321
37678,Козаревец,с.,SZR31,000818022,Стара Загора,BG344
37681,Козарево,с.,JAM25,000970457,Ямбол,BG343
37695,Козарка,с.,SML18,000615043,Смолян,BG424
37705,Козарско,с.,PAZ06,000351565,Пазарджик,BG423
37722,Кози рог,с.,GAB05,000215630,Габрово,BG322
37736,Козица,с.,KRZ08,000235831,Кърджали,BG425
37748,Козица,с.,TGV24,000875856,Търговище,BG334
37753,Козичино,с.,BGS17,000057179,Бургас,BG341
37767,Козлево,с.,KRZ14,000235888,Кърджали,BG425
37770,Козлец,с.,HKV34,000903946,Хасково,BG422
37784,Козловец,с.,VTR28,000133965,Велико Търново,BG321
37798,Козлодуй,гр.,VRC20,000193250,Враца,BG313
37808,Козлодуйци,с.,DOB15,000852188,Добрич,BG332
37811,Козма презвитер,с.,TGV22,000875817,Търговище,BG334
37825,Козница,с.,BGS15,000057122,Бургас,BG341
37839,Козяк,с.,SLS10,000565416,Силистра,BG325
37842,Козя река,с.,VTR13,000133762,Велико Търново,BG321
37856,Коиловци,с.,PVN24,000413974,Плевен,BG314
37863,Койнаре,гр.,PVN37,000414154,Плевен,BG314
37890,Койчовци,с.,GAB35,000215946,Габрово,BG322
37914,Кокаляне,с.,SOF46,000696327,София (столица),BG411
37928,Кокиче,с.,KRZ16,000235920,Кърджали,BG425
37945,Кокорово,с.,SML31,000615118,Смолян,BG424
37959,Кокорци,с.,SML27,000615075,Смолян,BG424
37962,Кокошане,с.,KRZ16,000235920,Кърджали,BG425
37976,Колари,с.,VTR13,000133762,Велико Търново,BG321
37989,Коларово,с.,BLG33,000024916,Благоевград,BG413
37993,Коларово,с.,SLS07,000565380,Силистра,BG325
38008,Коларово,с.,SZR27,000817956,Стара Загора,BG344
38011,Коларово,с.,HKV33,000903939,Хасково,BG422
38025,Коларци,с.,DOB27,000852925,Добрич,BG332
38039,Колена,с.,SZR31,000818022,Стара Загора,BG344
38042,Колец,с.,HKV19,000903743,Хасково,BG422
38056,Колибите,с.,BLG49,000024713,Благоевград,BG413
38060,Колишовци,с.,GAB05,000215630,Габрово,BG322
38073,Колобър,с.,SLS10,000565416,Силистра,BG325
38090,Колю Ганев,с.,GAB35,000215946,Габрово,BG322
38100,Колю Мариново,с.,SZR04,000817568,Стара Загора,BG344
38114,Комарево,с.,VAR24,000093638,Варна,BG331
38128,Комарево,с.,VRC08,000193058,Враца,BG313
38131,Комарево,с.,MON02,000320559,Монтана,BG312
38145,Комарево,с.,PVN10,000413725,Плевен,BG314
38159,Комощица,с.,MON38,000320979,Монтана,BG312
38162,Комунари,с.,VAR16,000093524,Варна,BG331
38176,Комунига,с.,KRZ35,000236164,Кърджали,BG425
38186,Комщица,с.,SFO09,000776160,София,BG412
38193,Конак,с.,TGV24,000875856,Търговище,BG334
38203,Конаре,с.,SZR37,123092756,Стара Загора,BG344
38217,Конаре,с.,DOB12,000852633,Добрич,BG332
38220,Конарско,с.,BLG53,000025039,Благоевград,BG413
38234,Конарското,с.,GAB35,000215946,Габрово,BG322
38248,Кондово,с.,HKV11,000235870,Хасково,BG422
38251,Кондолово,с.,BGS13,000057097,Бургас,BG341
38265,Кондофрей,с.,PER36,000386776,Перник,BG414
38279,Коневец,с.,JAM25,000970457,Ямбол,BG343
38282,Конево,с.,KRZ16,000235920,Кърджали,BG425
38296,Конево,с.,RAZ14,000505821,Разград,BG324
38306,Конево,с.,SHU10,000931415,Шумен,BG333
38317,Конници,с.,HKV11,000235870,Хасково,BG422
38323,Коноп,с.,TGV02,000875557,Търговище,BG334
38337,Константин,с.,VTR13,000133762,Велико Търново,BG321
38340,Константиновец,с.,SZR27,000817956,Стара Загора,BG344
38354,Константиново,с.,VAR06,000093442,Варна,BG331
38368,Константиново,с.,HKV29,000903729,Хасково,BG422
38371,Контил,с.,KRZ08,000235831,Кърджали,BG425
38385,Конуш,с.,PDV01,000471059,Пловдив,BG421
38399,Конуш,с.,HKV34,000903946,Хасково,BG422
38409,Конче,с.,KRZ21,000235984,Кърджали,BG425
38426,Коньово,с.,SLV16,000590597,Сливен,BG342
38432,Коняво,с.,KNL29,000261517,Кюстендил,BG415
38460,Копаница,с.,PER36,000386776,Перник,BG414
38474,Копиловци,с.,KNL29,000261517,Кюстендил,BG415
38488,Копиловци,с.,MON14,000320694,Монтана,BG312
38491,Копитник,с.,KRZ35,000236164,Кърджали,BG425
38501,Копрец,с.,TGV35,000875920,Търговище,BG334
38515,Коприва,с.,KNL29,000261517,Кюстендил,BG415
38529,Копривец,с.,RSE04,000530493,Русе,BG323
38532,Копривлен,с.,BLG52,000025014,Благоевград,BG413
38558,Копривщица,гр.,SFO24,000776331,София,BG412
38563,Копринка,с.,SZR12,000817778,Стара Загора,BG344
38577,Копчелиите,с.,GAB05,000215630,Габрово,BG322
38580,Корен,с.,HKV34,000903946,Хасково,BG422
38594,Кориите,с.,SML16,000614984,Смолян,BG424
38604,Коритата,с.,SML27,000615075,Смолян,BG424
38618,Коритен,с.,DOB20,000852754,Добрич,BG332
38621,Корията,с.,GAB29,000215889,Габрово,BG322
38635,Коркина,с.,KNL04,000261363,Кюстендил,BG415
38652,Кормянско,с.,GAB29,000215889,Габрово,BG322
38666,Корница,с.,BLG11,000024745,Благоевград,BG413
38683,Кортен,с.,SLV16,000590597,Сливен,BG342
38697,Кос,с.,KRZ21,000235984,Кърджали,BG425
38707,Косара,с.,SLS07,000565380,Силистра,BG325
38710,Косарка,с.,GAB12,000215729,Габрово,BG322
38724,Косача,с.,PER22,000386694,Перник,BG414
38738,Косевци,с.,VTR13,000133762,Велико Търново,BG321
38741,Косилка,с.,GAB12,000215729,Габрово,BG322
38769,Косовец,с.,BGS17,000057179,Бургас,BG341
38772,Косово,с.,VID06,000159489,Видин,BG311
38786,Косово,с.,KNL50,000261655,Кюстендил,BG415
38799,Косово,с.,PDV01,000471059,Пловдив,BG421
38804,Косово,с.,SHU19,000931511,Шумен,BG333
38813,Костадините,с.,GAB05,000215630,Габрово,BG322
38830,Костанденец,с.,RAZ36,000505981,Разград,BG324
38844,Костандово,гр.,PAZ24,000351795,Пазарджик,BG423
38858,Коста Перчево,с.,VID22,000159629,Видин,BG311
38861,Костел,с.,VTR13,000133762,Велико Търново,BG321
38875,Костелево,с.,VRC10,000193115,Враца,BG313
38889,Костен,с.,BGS23,000057250,Бургас,BG341
38892,Костена река,с.,SHU30,000931721,Шумен,BG333
38902,Костенец,гр.,SFO25,000776349,София,BG412
38916,Костенец,с.,SFO25,000776349,София,BG412
38920,Костенковци,с.,GAB05,000215630,Габрово,BG322
38933,Костенци,с.,MON02,000320559,Монтана,BG312
38947,Кости,с.,BGS13,000057097,Бургас,BG341
38950,Костиево,с.,PDV17,000472182,Пловдив,BG421
38964,Костилково,с.,HKV11,000235870,Хасково,BG422
38978,Костинброд,гр.,SFO26,000776363,София,BG412
38981,Костино,с.,KRZ16,000235920,Кърджали,BG425
38995,Костичовци,с.,VID16,000159554,Видин,BG311
39001,Костур,с.,HKV28,000903825,Хасково,BG422
39013,Костурино,с.,KRZ14,000235888,Кърджали,BG425
39027,Костуринци,с.,PER51,000386790,Перник,BG414
39030,Котел,гр.,SLV11,000590540,Сливен,BG342
39044,Котеновци,с.,MON02,000320559,Монтана,BG312
39058,Котлари,с.,KRZ15,000235913,Кърджали,BG425
39061,Котленци,с.,DOB15,000852188,Добрич,BG332
39075,Котуци,с.,VTR13,000133762,Велико Търново,BG321
39089,Кочан,с.,BLG42,000024962,Благоевград,BG413
39092,Кочани,с.,SML18,000615043,Смолян,BG424
39102,Кочево,с.,PDV28,000471582,Пловдив,BG421
39116,Кочериново,гр.,KNL27,000261491,Кюстендил,BG415
39127,Кочмар,с.,DOB27,000852925,Добрич,BG332
39133,Кочово,с.,SHU23,000931625,Шумен,BG333
39147,Кошава,с.,VID09,000159508,Видин,BG311
39150,Кошарево,с.,PER08,000386559,Перник,BG414
39164,Кошарица,с.,BGS15,000057122,Бургас,BG341
39178,Кошарна,с.,RSE33,000530657,Русе,BG323
39181,Кошница,с.,SML31,000615118,Смолян,BG424
39195,Кошничари,с.,TGV35,000875920,Търговище,BG334
39205,Кошов,с.,RSE13,000530536,Русе,BG323
39222,Кравино,с.,SZR23,000817917,Стара Загора,BG344
39236,Краводер,с.,VRC21,000193282,Враца,BG313
39242,Крагулево,с.,DOB15,000852188,Добрич,BG332
39267,Краево,с.,SFO07,000776089,София,BG412
39270,Краище,с.,BLG02,000024688,Благоевград,BG413
39284,Краище,с.,DOB12,000852633,Добрич,BG332
39298,Крайгорци,с.,SHU10,000931415,Шумен,BG333
39311,Крайна,с.,SML16,000614984,Смолян,BG424
39325,Крайни дол,с.,KNL48,000261630,Кюстендил,BG415
39339,Крайници,с.,KNL48,000261630,Кюстендил,BG415
39342,Крайно село,с.,KRZ16,000235920,Кърджали,BG425
39356,Крайново,с.,JAM03,000970051,Ямбол,BG343
39368,Крайполе,с.,TGV02,000875557,Търговище,BG334
39373,Кракра,с.,VAR09,000093474,Варна,BG331
39387,Кралев дол,с.,PER32,000386751,Перник,BG414
39390,Кралево,с.,TGV35,000875920,Търговище,BG334
39400,Кралево,с.,HKV30,000904261,Хасково,BG422
39428,Крали Марко,с.,PAZ19,000351736,Пазарджик,BG423
39431,Крамолин,с.,GAB29,000215889,Габрово,BG322
39445,Кран,с.,KRZ14,000235888,Кърджали,BG425
39459,Кранево,с.,DOB03,000852544,Добрич,BG332
39462,Краново,с.,SLS15,000565430,Силистра,BG325
39483,Крапец,с.,VRC27,000193371,Враца,BG313
39493,Крапец,с.,DOB29,000852957,Добрич,BG332
39503,Крапчене,с.,MON29,000320872,Монтана,BG312
39517,Красава,с.,PER08,000386559,Перник,BG414
39520,Красен,с.,RSE13,000530536,Русе,BG323
39534,Красен,с.,DOB12,000852633,Добрич,BG332
39548,Красен дол,с.,SHU21,000931568,Шумен,BG333
39551,Красимир,с.,VAR16,000093524,Варна,BG331
39565,Красино,с.,KRZ15,000235913,Кърджали,BG425
39579,Красново,с.,PDV37,000471671,Пловдив,BG421
39582,Красно градище,с.,VTR32,000133997,Велико Търново,BG321
39596,Красноселци,с.,TGV22,000875817,Търговище,BG334
39606,Крачимир,с.,VID01,000159458,Видин,BG311
39614,Кремен,с.,BLG01,000024663,Благоевград,BG413
39623,Кремена,с.,DOB03,000852544,Добрич,BG332
39637,Кремене,с.,SML31,000615118,Смолян,BG424
39640,Кременик,с.,KNL48,000261630,Кюстендил,BG415
39668,Крепост,с.,HKV09,000903533,Хасково,BG422
39671,Крепча,с.,TGV23,000875824,Търговище,BG334
39685,Креслювци,с.,GAB35,000215946,Габрово,BG322
39699,Стара Кресна,с.,BLG28,000024720,Благоевград,BG413
39709,Крета,с.,VRC27,000193371,Враца,BG313
39712,Крета,с.,PVN08,000413691,Плевен,BG314
39726,Крибул,с.,BLG42,000024962,Благоевград,BG413
39730,Крива бара,с.,VRC20,000193250,Враца,BG313
39743,Крива бара,с.,MON07,000320580,Монтана,BG312
39757,Крива круша,с.,SLV16,000590597,Сливен,BG342
39760,Крива река,с.,SHU21,000931568,Шумен,BG333
39788,Кривина,с.,RSE37,000530671,Русе,BG323
39791,Кривина,с.,SOF46,000696327,София (столица),BG411
39801,Кривини,с.,VAR13,000093517,Варна,BG331
39815,Кривица,с.,RAZ29,000505928,Разград,BG324
39829,Кривня,с.,VAR24,000093638,Варна,BG331
39832,Кривня,с.,RSE05,000530504,Русе,BG323
39846,Криводол,гр.,VRC21,000193282,Враца,BG313
39855,Кривонос,с.,PER08,000386559,Перник,BG414
39863,Криво поле,с.,HKV34,000903946,Хасково,BG422
39877,Крилатица,с.,KRZ14,000235888,Кърджали,BG425
39880,Крилювци,с.,VTR13,000133762,Велико Търново,BG321
39894,Крин,с.,KRZ16,000235920,Кърджали,BG425
39918,Крислово,с.,PDV17,000472182,Пловдив,BG421
39921,Кричим,гр.,PDV39,115244456,Пловдив,BG421
39935,Кромидово,с.,BLG33,000024916,Благоевград,BG413
39949,Крояч,с.,RAZ17,000505853,Разград,BG324
39952,Кроячево,с.,KRZ02,000235750,Кърджали,BG425
39966,Крум,с.,HKV09,000903533,Хасково,BG422
39970,Крумовград,гр.,KRZ15,000235913,Кърджали,BG425
39983,Крумово,с.,VAR02,000093385,Варна,BG331
39997,Крумово,с.,KNL27,000261491,Кюстендил,BG415
40004,Крумово,с.,PDV26,000472200,Пловдив,BG421
40018,Крумово,с.,JAM25,000970457,Ямбол,BG343
40021,Крумово градище,с.,BGS09,000057026,Бургас,BG341
40035,Крумчевци,с.,VTR13,000133762,Велико Търново,BG321
40049,Крупен,с.,DOB17,000852697,Добрич,BG332
40052,Крупник,с.,BLG44,000024987,Благоевград,BG413
40066,Круша,с.,VAR01,000093378,Варна,BG331
40070,Круша,с.,SFO16,000776235,София,BG412
40083,Крушаре,с.,SLV20,000590654,Сливен,BG342
40097,Крушари,с.,DOB20,000852754,Добрич,BG332
40110,Крушев дол,с.,SML16,000614984,Смолян,BG424
40124,Крушевец,с.,BGS21,000057236,Бургас,BG341
40138,Крушево,с.,BLG13,000024752,Благоевград,BG413
40141,Крушево,с.,GAB29,000215889,Габрово,BG322
40155,Крушево,с.,PDV23,000471536,Пловдив,BG421
40169,Крушевска,с.,KRZ16,000235920,Кърджали,BG425
40172,Крушето,с.,VTR06,000133673,Велико Търново,BG321
40186,Крушка,с.,KRZ16,000235920,Кърджали,BG425
40195,Крушовене,с.,PVN10,000413725,Плевен,BG314
40200,Крушовица,с.,VRC28,000193088,Враца,BG313
40213,Крушовица,с.,PVN11,000413732,Плевен,BG314
40227,Крушовица,с.,SFO17,000776242,София,BG412
40230,Крушово,с.,BGS09,000057026,Бургас,BG341
40244,Крушово,с.,PDV15,000614967,Пловдив,BG421
40258,Крушолак,с.,TGV02,000875557,Търговище,BG334
40261,Крушуна,с.,LOV17,000291584,Ловеч,BG315
40275,Кръвеник,с.,GAB29,000215889,Габрово,BG322
40292,Крън,гр.,SZR12,000817778,Стара Загора,BG344
40302,Крънджилица,с.,BLG33,000024916,Благоевград,BG413
40316,Крънча,с.,GAB12,000215729,Габрово,BG322
40326,Кръстатица,с.,SML02,000614952,Смолян,BG424
40333,Кръстевич,с.,PDV37,000471671,Пловдив,BG421
40350,Кръстеняците,с.,GAB35,000215946,Габрово,BG322
40364,Кръстец,с.,GAB35,000215946,Габрово,BG322
40378,Кръстилци,с.,BLG40,000024955,Благоевград,BG413
40381,Кръстина,с.,BGS08,000057001,Бургас,BG341
40395,Кръшно,с.,TGV35,000875920,Търговище,BG334
40419,Кубадин,с.,BGS06,000056878,Бургас,BG341
40422,Кубрат,гр.,RAZ16,000505846,Разград,BG324
40436,Кубратово,с.,SOF46,000696327,София (столица),BG411
40441,Куделин,с.,VID06,000159489,Видин,BG311
40453,Кузьово,с.,BLG02,000024688,Благоевград,BG413
40467,Куклен,гр.,PDV42,115631816,Пловдив,BG421
40470,Кукля,с.,GAB12,000215729,Габрово,BG322
40484,Кукорево,с.,JAM25,000970457,Ямбол,BG343
40498,Кукувица,с.,SML31,000615118,Смолян,BG424
40508,Кукурахцево,с.,BLG33,000024916,Благоевград,BG413
40511,Кукуряк,с.,KRZ14,000235888,Кърджали,BG425
40525,Кула,гр.,VID22,000159629,Видин,BG311
40539,Кулата,с.,BLG33,000024916,Благоевград,BG413
40573,Кулина вода,с.,PVN03,000413579,Плевен,BG314
40587,Куманите,с.,GAB12,000215729,Габрово,BG322
40590,Куманово,с.,VAR02,000093385,Варна,BG331
40628,Кундево,с.,SML18,000615043,Смолян,BG424
40645,Кунино,с.,VRC32,000193460,Враца,BG313
40659,Купен,с.,GAB29,000215889,Габрово,BG322
40662,Купен,с.,SML16,000614984,Смолян,BG424
40676,Купците,с.,KRZ08,000235831,Кърджали,BG425
40693,Курново,с.,VRC32,000193460,Враца,BG313
40703,Куртово,с.,PDV13,000471365,Пловдив,BG421
40717,Куртово Конаре,с.,PDV41,115245280,Пловдив,BG421
40748,Кутела,с.,SML31,000615118,Смолян,BG424
40751,Кутловица,с.,SLS01,000565359,Силистра,BG325
40765,Кутугерци,с.,KNL29,000261517,Кюстендил,BG415
40779,Куцаровци,с.,VTR04,000133634,Велико Търново,BG321
40782,Куцина,с.,VTR26,000133933,Велико Търново,BG321
40796,Куцово,с.,KRZ35,000236164,Кърджали,BG425
40806,Кушла,с.,SML11,000614938,Смолян,BG424
40823,Къклица,с.,KRZ15,000235913,Кърджали,BG425
40837,Къкрина,с.,LOV18,000291591,Ловеч,BG315
40840,Кълново,с.,SHU25,000931657,Шумен,BG333
40868,Кънчево,с.,SZR12,000817778,Стара Загора,BG344
40871,Къпинец,с.,TGV02,000875557,Търговище,BG334
40885,Къпиново,с.,DOB12,000852633,Добрич,BG332
40899,Къпиновци,с.,RAZ14,000505821,Разград,BG324
40909,Кърджали,гр.,KRZ16,000235920,Кърджали,BG425
40912,Кърналово,с.,BLG33,000024916,Благоевград,BG413
40926,Кърланово,с.,BLG40,000024955,Благоевград,BG413
40939,Кърнаре,с.,PDV13,000471365,Пловдив,BG421
40943,Кърпачево,с.,LOV17,000291584,Ловеч,BG315
40957,Кърпелево,с.,BLG49,000024713,Благоевград,BG413
40960,Къртипъня,с.,GAB12,000215729,Габрово,BG322
40974,Къртожабене,с.,PVN24,000413974,Плевен,BG314
40988,Кърчовско,с.,KRZ14,000235888,Кърджали,BG425
40991,Кършалево,с.,KNL29,000261517,Кюстендил,BG415
41006,Късак,с.,SML10,000614906,Смолян,BG424
41010,Кътина,с.,SOF46,000696327,София (столица),BG411
41037,Къшин,с.,PVN24,000413974,Плевен,BG314
41040,Къшле,с.,PER51,000386790,Перник,BG414
41054,Кьолмен,с.,SHU10,000931415,Шумен,BG333
41085,Кьосево,с.,KRZ16,000235920,Кърджали,BG425
41099,Кьосевци,с.,TGV02,000875557,Търговище,BG334
41109,Кюлевча,с.,SHU19,000931511,Шумен,BG333
41112,Кюстендил,гр.,KNL29,000261517,Кюстендил,BG415
41126,Конска,с.,PER08,000386559,Перник,BG414
41136,Кръстава,с.,PAZ08,000351580,Пазарджик,BG423
41143,Калипетрово,с.,SLS31,000565537,Силистра,BG325
41157,Еленка,с.,SML18,000615043,Смолян,BG424
41174,Кремен,с.,KRZ14,000235888,Кърджали,BG425
41188,Коньовец,с.,SHU30,000931721,Шумен,BG333
41191,Костадинкино,с.,SFO20,000776299,София,BG412
41232,Кленовик,с.,PER36,000386776,Перник,BG414
41246,Климентово,с.,VTR26,000133933,Велико Търново,BG321
41251,Кошарите,с.,PER36,000386776,Перник,BG414
41263,Кутово,с.,VID09,000159508,Видин,BG311
41277,Крайна,с.,SML18,000615043,Смолян,BG424
43013,Лагерите,с.,VTR04,000133634,Велико Търново,BG321
43027,Лагошевци,с.,VID16,000159554,Видин,BG311
43030,Ладарево,с.,BLG40,000024955,Благоевград,BG413
43044,Лазарово,с.,PVN39,000193243,Плевен,BG314
43058,Торос,с.,LOV19,000291602,Ловеч,BG315
43061,Лазарци,с.,VTR13,000133762,Велико Търново,BG321
43092,Лакатник,с.,SFO43,000776502,София,BG412
43102,Лале,с.,KRZ21,000235984,Кърджали,BG425
43116,Лалково,с.,JAM07,000970165,Ямбол,BG343
43128,Ламбух,с.,HKV11,000235870,Хасково,BG422
43147,Ласкар,с.,PVN24,000413974,Плевен,BG314
43150,Ласкарево,с.,BLG40,000024955,Благоевград,BG413
43164,Латинка,с.,KRZ02,000235750,Кърджали,BG425
43178,Лебед,с.,KRZ08,000235831,Кърджали,BG425
43181,Лебница,с.,BLG40,000024955,Благоевград,BG413
43195,Лева река,с.,PER51,000386790,Перник,BG414
43205,Левка,с.,HKV28,000903825,Хасково,BG422
43219,Левочево,с.,SML31,000615118,Смолян,BG424
43222,Левски,с.,VAR26,000093684,Варна,BG331
43236,Левски,гр.,PVN16,000413814,Плевен,BG314
43243,Левуново,с.,BLG40,000024955,Благоевград,BG413
43253,Леденик,с.,VTR04,000133634,Велико Търново,BG321
43267,Лелинци,с.,KNL29,000261517,Кюстендил,BG415
43270,Ленище,с.,KRZ02,000235750,Кърджали,BG425
43284,Ленково,с.,PVN08,000413691,Плевен,BG314
43298,Леново,с.,PDV01,000471059,Пловдив,BG421
43308,Ленско,с.,HKV11,000235870,Хасково,BG422
43311,Лепица,с.,PVN37,000414154,Плевен,BG314
43325,Лесидрен,с.,LOV36,000291716,Ловеч,BG315
43339,Лесичарка,с.,GAB05,000215630,Габрово,BG322
43342,Лесиче,с.,VTR13,000133762,Велико Търново,BG321
43356,Лесичери,с.,VTR22,000133901,Велико Търново,BG321
43369,Лесичово,с.,PAZ14,000351693,Пазарджик,BG423
43373,Леска,с.,KNL29,000261517,Кюстендил,BG415
43387,Леска,с.,SML16,000614984,Смолян,BG424
43390,Лесковдол,с.,SFO43,000776502,София,BG412
43400,Лесковец,с.,VRC31,000193414,Враца,BG313
43414,Лесковец,с.,MON02,000320559,Монтана,BG312
43428,Лесковец,с.,PER32,000386751,Перник,BG414
43431,Лясково,с.,DOB15,000852188,Добрич,BG332
43445,Лесново,с.,SFO17,000776242,София,BG412
43459,Лесово,с.,JAM07,000970165,Ямбол,BG343
43462,Лесура,с.,VRC21,000193282,Враца,BG313
43476,Летница,гр.,LOV17,000291584,Ловеч,BG315
43484,Летница,с.,SFO16,000776235,София,BG412
43493,Летовник,с.,KRZ21,000235984,Кърджали,BG425
43503,Лехово,с.,BLG40,000024955,Благоевград,BG413
43517,Лехчево,с.,MON04,000320566,Монтана,BG312
43520,Лешко,с.,BLG03,000024695,Благоевград,BG413
43548,Лешниково,с.,HKV33,000903939,Хасково,BG422
43551,Лешниковци,с.,PER51,000386790,Перник,BG414
43565,Лешница,с.,BLG40,000024955,Благоевград,BG413
43579,Лешница,с.,LOV18,000291591,Ловеч,BG315
43582,Лещак,с.,SML16,000614984,Смолян,BG424
43596,Лещарка,с.,KRZ15,000235913,Кърджали,BG425
43606,Лещен,с.,BLG13,000024752,Благоевград,BG413
43615,Леярово,с.,JAM22,000970432,Ямбол,BG343
43623,Ливада,с.,BGS08,000057001,Бургас,BG341
43637,Ливаде,с.,SML16,000614984,Смолян,BG424
43654,Лик,с.,VRC27,000193371,Враца,BG313
43668,Лилеково,с.,SML38,000615164,Смолян,BG424
43671,Лилково,с.,PDV26,000472200,Пловдив,BG421
43685,Лиляк,с.,TGV35,000875920,Търговище,BG334
43699,Лиляново,с.,BLG40,000024955,Благоевград,BG413
43709,Лиляч,с.,KNL31,000261541,Кюстендил,BG415
43712,Лиляче,с.,VRC10,000193115,Враца,BG313
43726,Лимец,с.,KRZ15,000235913,Кърджали,BG425
43730,Липен,с.,MON29,000320872,Монтана,BG312
43743,Липец,с.,SML31,000615118,Смолян,BG424
43757,Липинци,с.,SFO16,000776235,София,BG412
43760,Липник,с.,RAZ26,000505910,Разград,BG324
43774,Липница,с.,VRC28,000193088,Враца,BG313
43788,Липница,с.,SFO07,000776089,София,BG412
43815,Лисец,с.,KNL29,000261517,Кюстендил,BG415
43829,Лисец,с.,LOV18,000291591,Ловеч,BG315
43832,Лисец,с.,SFO39,000776491,София,BG412
43846,Лиси връх,с.,SHU18,000931881,Шумен,BG333
43856,Лисиците,с.,KRZ16,000235920,Кърджали,BG425
43863,Лисия,с.,BLG03,000024695,Благоевград,BG413
43877,Лисово,с.,HKV28,000903825,Хасково,BG422
43880,Листец,с.,BGS18,000057211,Бургас,BG341
43894,Листец,с.,SLS07,000565380,Силистра,BG325
43904,Литаково,с.,SFO07,000776089,София,BG412
43918,Лобош,с.,PER22,000386694,Перник,BG414
43921,Ловец,с.,SZR31,000818022,Стара Загора,BG344
43935,Ловец,с.,TGV35,000875920,Търговище,BG334
43949,Ловец,с.,SHU10,000931415,Шумен,BG333
43952,Ловеч,гр.,LOV18,000291591,Ловеч,BG315
43966,Ловнидол,с.,GAB29,000215889,Габрово,BG322
43983,Ловци,с.,SML16,000614984,Смолян,BG424
43997,Ловчанци,с.,DOB15,000852188,Добрич,BG332
44015,Лоза,с.,GAB05,000215630,Габрово,BG322
44029,Лозарево,с.,BGS23,000057250,Бургас,BG341
44032,Лозево,с.,SHU30,000931721,Шумен,BG333
44046,Лозен,с.,VTR31,000133972,Велико Търново,BG321
44053,Лозен,с.,PAZ29,000351825,Пазарджик,BG423
44063,Лозен,с.,SOF46,000696327,София (столица),BG411
44077,Лозен,с.,HKV17,000903686,Хасково,BG422
44080,Лозенградци,с.,KRZ14,000235888,Кърджали,BG425
44094,Лозенец,с.,BGS13,000057097,Бургас,BG341
44104,Лозенец,с.,DOB20,000852754,Добрич,BG332
44118,Лозенец,с.,JAM22,000970432,Ямбол,BG343
44121,Лозеница,с.,BLG40,000024955,Благоевград,BG413
44149,Лозица,с.,BGS23,000057250,Бургас,BG341
44152,Лозица,с.,PVN21,000413885,Плевен,BG314
44166,Лозница,гр.,RAZ17,000505853,Разград,BG324
44179,Лозница,с.,DOB12,000852633,Добрич,BG332
44183,Лозно,с.,KNL29,000261517,Кюстендил,BG415
44210,Локвата,с.,KNL04,000261363,Кюстендил,BG415
44224,Локорско,с.,SOF46,000696327,София (столица),BG411
44238,Лом,гр.,MON24,000320840,Монтана,BG312
44241,Ломец,с.,LOV34,000291709,Ловеч,BG315
44255,Ломница,с.,KNL29,000261517,Кюстендил,BG415
44269,Ломница,с.,PER51,000386790,Перник,BG414
44272,Ломница,с.,DOB15,000852188,Добрич,BG332
44286,Ломци,с.,TGV24,000875856,Търговище,BG334
44294,Лопушна,с.,VAR16,000093524,Варна,BG331
44300,Лопушня,с.,SFO09,000776160,София,BG412
44313,Лопян,с.,SFO18,000776259,София,BG412
44327,Луковит,гр.,LOV19,000291602,Ловеч,BG315
44330,Луково,с.,SFO43,000776502,София,BG412
44344,Луличка,с.,KRZ15,000235913,Кърджали,BG425
44358,Лъвино,с.,RAZ14,000505821,Разград,BG324
44361,Лъвово,с.,KRZ16,000235920,Кърджали,BG425
44389,Лъга,с.,SFO18,000776259,София,BG412
44402,Баните,с.,SML02,000614952,Смолян,BG424
44416,Лъжница,с.,BLG11,000024745,Благоевград,BG413
44425,Лъка,с.,BGS17,000057179,Бургас,BG341
44433,Лъка,с.,SML31,000615118,Смолян,BG424
44447,Лъкавица,с.,PDV15,000614967,Пловдив,BG421
44464,Лъки,с.,BLG52,000025014,Благоевград,BG413
44478,Лъки,гр.,PDV15,000614967,Пловдив,BG421
44481,Любен,с.,PDV33,000471640,Пловдив,BG421
44495,Любен,с.,SLS32,000565544,Силистра,BG325
44505,Любенец,с.,SLV16,000590597,Сливен,BG342
44519,Любен Каравелово,с.,VAR02,000093385,Варна,BG331
44522,Любенова махала,с.,SLV16,000590597,Сливен,BG342
44536,Любеново,с.,PVN21,000413885,Плевен,BG314
44540,Любеново,с.,SZR27,000817956,Стара Загора,BG344
44553,Любеново,с.,HKV34,000903946,Хасково,BG422
44567,Любенци,с.,VTR31,000133972,Велико Търново,BG321
44570,Любимец,гр.,HKV17,000903686,Хасково,BG422
44584,Любино,с.,KRZ02,000235750,Кърджали,BG425
44598,Любичево,с.,TGV02,000875557,Търговище,BG334
44608,Люблен,с.,TGV23,000875824,Търговище,BG334
44611,Любница,с.,SFO20,000776299,София,BG412
44625,Любовище,с.,BLG40,000024955,Благоевград,BG413
44639,Любовка,с.,BLG40,000024955,Благоевград,BG413
44642,Любча,с.,SML10,000614906,Смолян,BG424
44656,Люлин,с.,PER32,000386751,Перник,BG414
44666,Люлин,с.,JAM22,000970432,Ямбол,BG343
44673,Люлка,с.,SML31,000615118,Смолян,BG424
44687,Люляк,с.,SZR31,000818022,Стара Загора,BG344
44690,Люляково,с.,BGS18,000057211,Бургас,BG341
44700,Люляково,с.,KRZ16,000235920,Кърджали,BG425
44714,Люляково,с.,DOB12,000852633,Добрич,BG332
44728,Лютаджик,с.,VRC10,000193115,Враца,BG313
44745,Лютиброд,с.,VRC27,000193371,Враца,BG313
44759,Лютидол,с.,VRC27,000193371,Враца,BG313
44762,Лютово,с.,BLG02,000024688,Благоевград,BG413
44776,Лява река,с.,SZR37,123092756,Стара Загора,BG344
44781,Лялинци,с.,PER51,000386790,Перник,BG414
44793,Лясковец,гр.,VTR20,000133844,Велико Търново,BG321
44803,Лясковец,с.,HKV30,000904261,Хасково,BG422
44817,Лясково,с.,BGS01,000056764,Бургас,BG341
44820,Лясково,с.,KRZ35,000236164,Кърджали,BG425
44834,Лясково,с.,PDV01,000471059,Пловдив,BG421
44848,Лясково,с.,SML09,000614895,Смолян,BG424
44851,Лясково,с.,SZR31,000818022,Стара Загора,BG344
44865,Лятно,с.,SHU18,000931881,Шумен,BG333
44879,Ляхово,с.,PAZ19,000351736,Пазарджик,BG423
44882,Ляхово,с.,DOB03,000852544,Добрич,BG332
44896,Левци,с.,KRZ02,000235750,Кърджали,BG425
44906,Левище,с.,SFO43,000776502,София,BG412
44937,Ловско,с.,RAZ17,000505853,Разград,BG324
46019,Магарджица,с.,SML31,000615118,Смолян,BG424
46036,Мадан,с.,MON04,000320566,Монтана,BG312
46045,Мадан,гр.,SML16,000614984,Смолян,BG424
46053,Мадара,с.,SHU30,000931721,Шумен,BG333
46067,Маджаре,с.,SFO39,000776491,София,BG412
46070,Маджари,с.,HKV30,000904261,Хасково,BG422
46084,Маджарово,гр.,HKV18,000903693,Хасково,BG422
46098,Маджерито,с.,SZR31,000818022,Стара Загора,BG344
46108,Мазарачево,с.,KNL29,000261517,Кюстендил,BG415
46111,Майор Узуново,с.,VID09,000159508,Видин,BG311
46125,Майско,с.,VTR13,000133762,Велико Търново,BG321
46139,Майсторово,с.,KRZ16,000235920,Кърджали,BG425
46156,Мак,с.,KRZ02,000235750,Кърджали,BG425
46190,Макариополско,с.,TGV35,000875920,Търговище,BG334
46214,Македонци,с.,KRZ16,000235920,Кърджали,BG425
46228,Маково,с.,TGV35,000875920,Търговище,BG334
46231,Макоцево,с.,SFO10,000776178,София,BG412
46245,Макреш,с.,VID25,000159636,Видин,BG311
46259,Мала Раковица,с.,SFO06,000776071,София,BG412
46262,Мала Фуча,с.,KNL04,000261363,Кюстендил,BG415
46276,Мала църква,с.,SFO39,000776491,София,BG412
46286,Малево,с.,SML38,000615164,Смолян,BG424
46293,Малево,с.,HKV34,000903946,Хасково,BG422
46303,Маленово,с.,JAM22,000970432,Ямбол,BG343
46317,Мали Върбовник,с.,KNL04,000261363,Кюстендил,BG415
46320,Мали Дреновец,с.,VID16,000159554,Видин,BG311
46334,Мали извор,с.,DOB27,000852925,Добрич,BG332
46348,Малина,с.,BGS06,000056878,Бургас,BG341
46351,Малина,с.,DOB12,000852633,Добрич,BG332
46365,Малини,с.,GAB05,000215630,Габрово,BG322
46396,Малиново,с.,LOV18,000291591,Ловеч,BG315
46406,Малка Арда,с.,SML02,000614952,Смолян,BG424
46417,Малка Верея,с.,SZR31,000818022,Стара Загора,BG344
46437,Малка Желязна,с.,LOV33,000291698,Ловеч,BG315
46440,Малка поляна,с.,BGS01,000056764,Бургас,BG341
46454,Малка Смолница,с.,DOB15,000852188,Добрич,BG332
46468,Малка Черковна,с.,TGV02,000875557,Търговище,BG334
46471,Малка Чинка,с.,KRZ15,000235913,Кърджали,BG425
46485,Малки Българени,с.,GAB12,000215729,Габрово,BG322
46499,Малки Воден,с.,HKV18,000903693,Хасково,BG422
46509,Малки Вършец,с.,GAB29,000215889,Габрово,BG322
46512,Малки Станчовци,с.,GAB35,000215946,Габрово,BG322
46526,Малки Цалим,с.,BLG40,000024955,Благоевград,BG413
46532,Малки чифлик,с.,VTR04,000133634,Велико Търново,BG321
46543,Малко Асеново,с.,HKV09,000903533,Хасково,BG422
46557,Малко Брягово,с.,HKV18,000903693,Хасково,BG422
46560,Малко Враново,с.,RSE33,000530657,Русе,BG323
46574,Малко градище,с.,HKV17,000903686,Хасково,BG422
46588,Малко Дряново,с.,SZR04,000817568,Стара Загора,BG344
46591,Малко Кадиево,с.,SZR31,000818022,Стара Загора,BG344
46601,Малко Каменяне,с.,KRZ15,000235913,Кърджали,BG425
46615,Малко Кирилово,с.,JAM07,000970165,Ямбол,BG343
46629,Малко Крушево,с.,SML02,000614952,Смолян,BG424
46632,Малко Попово,с.,HKV18,000903693,Хасково,BG422
46646,Малко село,с.,SLV11,000590540,Сливен,BG342
46658,Малко Тръново,с.,SZR36,000818086,Стара Загора,BG344
46663,Малко Търново,гр.,BGS12,000057086,Бургас,BG341
46680,Малкоч,с.,KRZ14,000235888,Кърджали,BG425
46694,Малко Чочовени,с.,SLV20,000590654,Сливен,BG342
46704,Малко Шарково,с.,JAM03,000970051,Ямбол,BG343
46721,Мало Бучино,с.,SOF46,000696327,София (столица),BG411
46735,Малоградец,с.,TGV02,000875557,Търговище,BG334
46749,Мало Конаре,с.,PAZ19,000351736,Пазарджик,BG423
46752,Мало Крушево,с.,PDV37,000471671,Пловдив,BG421
46766,Мало Малово,с.,SFO16,000776235,София,BG412
46773,Маломир,с.,SHU10,000931415,Шумен,BG333
46783,Маломир,с.,JAM25,000970457,Ямбол,BG343
46797,Маломирово,с.,JAM07,000970165,Ямбол,BG343
46807,Мало Пещене,с.,VRC10,000193115,Враца,BG313
46810,Малорад,с.,VRC05,000193065,Враца,BG313
46824,Мало село,с.,KNL04,000261363,Кюстендил,BG415
46841,Малчика,с.,PVN16,000413814,Плевен,BG314
46855,Малчовци,с.,VTR04,000133634,Велико Търново,BG321
46869,Малчовци,с.,GAB35,000215946,Габрово,BG322
46872,Малък Девесил,с.,KRZ15,000235913,Кърджали,BG425
46886,Малък извор,с.,LOV38,000291723,Ловеч,BG315
46899,Малък извор,с.,HKV30,000904261,Хасково,BG422
46904,Малък манастир,с.,JAM07,000970165,Ямбол,BG343
46913,Малък Поровец,с.,RAZ14,000505821,Разград,BG324
46927,Малък Преславец,с.,SLS07,000565380,Силистра,BG325
46930,Припек,с.,BGS18,000057211,Бургас,BG341
46944,Малък чардак,с.,PDV33,000471640,Пловдив,BG421
46958,Мамарчево,с.,JAM03,000970051,Ямбол,BG343
46961,Манаселска река,с.,SFO34,000776477,София,BG412
46975,Манастир,с.,VAR24,000093638,Варна,BG331
46989,Манастир,с.,PDV15,000614967,Пловдив,BG421
46992,Манастир,с.,HKV34,000903946,Хасково,BG422
47007,Манастирица,с.,TGV24,000875856,Търговище,BG334
47010,Манастирище,с.,VRC35,000193551,Враца,BG313
47024,Манастирище,с.,SFO43,000776502,София,BG412
47038,Манастирско,с.,RAZ17,000505853,Разград,BG324
47041,Манастирци,с.,RAZ17,000505853,Разград,BG324
47055,Мандра,с.,HKV34,000903946,Хасково,BG422
47069,Мандрица,с.,HKV11,000235870,Хасково,BG422
47072,Маневци,с.,GAB35,000215946,Габрово,BG322
47086,Маноле,с.,PDV17,000472182,Пловдив,BG421
47096,Манолич,с.,BGS23,000057250,Бургас,BG341
47101,Манолово,с.,SZR24,000817931,Стара Загора,BG344
47113,Манолско Конаре,с.,PDV17,000472182,Пловдив,BG421
47127,Маноя,с.,GAB12,000215729,Габрово,BG322
47130,Манушевци,с.,TGV02,000875557,Търговище,BG334
47144,Манчево,с.,KRZ21,000235984,Кърджали,BG425
47158,Марафелци,с.,VTR13,000133762,Велико Търново,BG321
47161,Мараш,с.,SHU30,000931721,Шумен,BG333
47175,Марговци,с.,VTR04,000133634,Велико Търново,BG321
47189,Марикостиново,с.,BLG33,000024916,Благоевград,BG413
47202,Маринка,с.,BGS04,000056814,Бургас,BG341
47227,Мариновци,с.,VTR13,000133762,Велико Търново,BG321
47247,Марино поле,с.,BLG33,000024916,Благоевград,BG413
47250,Марино поле,с.,PDV13,000471365,Пловдив,BG421
47264,Марица,с.,SFO39,000776491,София,BG412
47278,Симеоновград,гр.,HKV29,000903729,Хасково,BG422
47295,Марково,с.,PDV26,000472200,Пловдив,BG421
47305,Марково,с.,SZR04,000817568,Стара Загора,BG344
47319,Марково,с.,SHU19,000931511,Шумен,BG333
47322,Марково равнище,с.,VRC32,000193460,Враца,BG313
47336,Мартен,гр.,RSE27,000530632,Русе,BG323
47342,Мартино,с.,KRZ16,000235920,Кърджали,BG425
47353,Мартиново,с.,MON36,000320961,Монтана,BG312
47370,Марулево,с.,BLG03,000024695,Благоевград,BG413
47384,Маруцековци,с.,GAB35,000215946,Габрово,BG322
47408,Марчево,с.,BLG13,000024752,Благоевград,BG413
47411,Марчино,с.,TGV24,000875856,Търговище,BG334
47425,Марян,с.,VTR13,000133762,Велико Търново,BG321
47439,Масларево,с.,VTR26,000133933,Велико Търново,BG321
47442,Маслиново,с.,HKV34,000903946,Хасково,BG422
47456,Матешовци,с.,GAB35,000215946,Габрово,BG322
47468,Маточина,с.,HKV28,000903825,Хасково,BG422
47473,Махалата,с.,BLG49,000024713,Благоевград,BG413
47487,Махалници,с.,VTR13,000133762,Велико Търново,BG321
47500,Маца,с.,SZR27,000817956,Стара Загора,BG344
47528,Медвен,с.,SLV11,000590540,Сливен,BG342
47531,Медевци,с.,KRZ14,000235888,Кърджали,BG425
47545,Меден бук,с.,HKV11,000235870,Хасково,BG422
47559,Медени поляни,с.,PAZ39,176806228,Пазарджик,BG423
47562,Меден кладенец,с.,JAM25,000970457,Ямбол,BG343
47583,Медешевци,с.,VID15,000159531,Видин,BG311
47593,Медковец,с.,MON26,000320865,Монтана,BG312
47603,Медникарово,с.,SZR07,000817696,Стара Загора,BG344
47617,Медовене,с.,RAZ16,000505846,Разград,BG324
47620,Медовец,с.,VAR16,000093524,Варна,BG331
47634,Медовина,с.,TGV24,000875856,Търговище,BG334
47648,Медовница,с.,VID16,000159554,Видин,BG311
47651,Медово,с.,BGS17,000057179,Бургас,BG341
47665,Медово,с.,SZR04,000817568,Стара Загора,BG344
47679,Медово,с.,DOB15,000852188,Добрич,BG332
47682,Межда,с.,JAM25,000970457,Ямбол,BG343
47696,Межден,с.,SLS10,000565416,Силистра,BG325
47706,Междени,с.,GAB05,000215630,Габрово,BG322
47714,Мездра,гр.,VRC27,000193371,Враца,BG313
47723,Мездрея,с.,MON02,000320559,Монтана,BG312
47737,Мезек,с.,HKV28,000903825,Хасково,BG422
47754,Мелник,гр.,BLG40,000024955,Благоевград,BG413
47768,Мелница,с.,JAM07,000970165,Ямбол,BG343
47771,Меляне,с.,MON14,000320694,Монтана,BG312
47785,Менгишево,с.,SHU10,000931415,Шумен,BG333
47799,Мендово,с.,BLG33,000024916,Благоевград,BG413
47809,Теменуга,с.,KRZ02,000235750,Кърджали,BG425
47812,Мененкьово,с.,PAZ04,000351558,Пазарджик,BG423
47826,Мерданя,с.,VTR20,000133844,Велико Търново,BG321
47843,Меричлери,гр.,HKV09,000903533,Хасково,BG422
47857,Места,с.,BLG01,000024663,Благоевград,BG413
47860,Метлика,с.,KRZ15,000235913,Кърджали,BG425
47874,Метличина,с.,VAR09,000093474,Варна,BG331
47888,Метличина,с.,KRZ14,000235888,Кърджали,BG425
47891,Метличка,с.,KRZ14,000235888,Кърджали,BG425
47901,Методиево,с.,DOB15,000852188,Добрич,BG332
47915,Методиево,с.,SHU10,000931415,Шумен,BG333
47929,Метохия,с.,KNL50,000261655,Кюстендил,BG415
47963,Мечка,с.,PVN24,000413974,Плевен,BG314
47977,Мечка,с.,RSE13,000530536,Русе,BG323
47980,Мечкарево,с.,SLV20,000590654,Сливен,BG342
47994,Мечковица,с.,GAB05,000215630,Габрово,BG322
48009,Мечковци,с.,SFO20,000776299,София,BG412
48012,Мечкул,с.,BLG44,000024987,Благоевград,BG413
48026,Мечово,с.,TGV02,000875557,Търговище,BG334
48037,Мещица,с.,PER32,000386751,Перник,BG414
48043,Мизия,гр.,VRC28,000193088,Враца,BG313
48057,Мийковци,с.,VTR13,000133762,Велико Търново,BG321
48060,Микре,с.,LOV36,000291716,Ловеч,BG315
48074,Миладиново,с.,KRZ16,000235920,Кърджали,BG425
48088,Миладиновци,с.,DOB15,000852188,Добрич,BG332
48091,Миладиновци,с.,TGV35,000875920,Търговище,BG334
48101,Миладиновци,с.,JAM25,000970457,Ямбол,BG343
48129,Миланово,с.,SFO43,000776502,София,BG412
48132,Миланово,с.,SHU23,000931625,Шумен,BG333
48146,Миле,с.,SML16,000614984,Смолян,BG424
48152,Милево,с.,PDV28,000471582,Пловдив,BG421
48163,Елхово,с.,SZR38,123116940,Стара Загора,BG344
48177,Милевци,с.,GAB35,000215946,Габрово,BG322
48194,Милино,с.,TGV02,000875557,Търговище,BG334
48204,Милковица,с.,PVN08,000413691,Плевен,BG314
48218,Милково,с.,SML31,000615118,Смолян,BG424
48235,Милковци,с.,GAB05,000215630,Габрово,BG322
48249,Милкьовци,с.,PER51,000386790,Перник,BG414
48252,Милославци,с.,PER51,000386790,Перник,BG414
48266,Милчина лъка,с.,VID15,000159531,Видин,BG311
48278,Миндя,с.,VTR04,000133634,Велико Търново,BG321
48283,Миневци,с.,VTR13,000133762,Велико Търново,BG321
48297,Минерални бани,с.,HKV19,000903743,Хасково,BG422
48307,Минзухар,с.,KRZ35,000236164,Кърджали,BG425
48324,Мирково,с.,SFO56,000777248,София,BG412
48338,Мировец,с.,TGV35,000875920,Търговище,BG334
48341,Мирово,с.,VTR31,000133972,Велико Търново,BG321
48355,Вратца,с.,KNL29,000261517,Кюстендил,BG415
48369,Мирово,с.,SFO20,000776299,София,BG412
48372,Мирово,с.,SZR04,000817568,Стара Загора,BG344
48386,Мировци,с.,SHU22,000931575,Шумен,BG333
48393,Мировяне,с.,SOF46,000696327,София (столица),BG411
48409,Миролюбово,с.,BGS04,000056814,Бургас,BG341
48430,Мирчовци,с.,VTR13,000133762,Велико Търново,BG321
48444,Мирянци,с.,PAZ19,000351736,Пазарджик,BG423
48458,Митино,с.,BLG33,000024916,Благоевград,BG413
48461,Митовска,с.,SML16,000614984,Смолян,BG424
48475,Митровци,с.,MON36,000320961,Монтана,BG312
48489,Монтана,гр.,MON29,000320872,Монтана,BG312
48492,Михайлово,с.,VRC35,000193551,Враца,BG313
48502,Михайлово,с.,SZR31,000818022,Стара Загора,BG344
48516,Михайловци,с.,GAB05,000215630,Габрово,BG322
48524,Михалич,с.,VAR09,000093474,Варна,BG331
48533,Михалич,с.,HKV28,000903825,Хасково,BG422
48547,Михалково,с.,SML09,000614895,Смолян,BG424
48550,Михалци,с.,VTR22,000133901,Велико Търново,BG321
48564,Михилци,с.,PDV37,000471671,Пловдив,BG421
48578,Михнево,с.,BLG33,000024916,Благоевград,BG413
48581,Миховци,с.,GAB35,000215946,Габрово,BG322
48605,Мичковци,с.,GAB05,000215630,Габрово,BG322
48619,Царево,гр.,BGS13,000057097,Бургас,BG341
48622,Мишевско,с.,KRZ08,000235831,Кърджали,BG425
48636,Мишеморков хан,с.,VTR04,000133634,Велико Търново,BG321
48653,Млада гвардия,с.,VAR08,000093458,Варна,BG331
48667,Младежко,с.,BGS12,000057086,Бургас,BG341
48670,Младен,с.,GAB29,000215889,Габрово,BG322
48698,Младиново,с.,HKV28,000903825,Хасково,BG422
48708,Младово,с.,SLV20,000590654,Сливен,BG342
48711,Мламолово,с.,KNL04,000261363,Кюстендил,BG415
48725,Млекарево,с.,SLV16,000590597,Сливен,BG342
48742,Млечево,с.,GAB29,000215889,Габрово,BG322
48756,Млечино,с.,KRZ02,000235750,Кърджали,BG425
48765,Могила,с.,SZR31,000818022,Стара Загора,BG344
48773,Могила,с.,SHU19,000931511,Шумен,BG333
48787,Могила,с.,JAM25,000970457,Ямбол,BG343
48790,Могилец,с.,TGV22,000875817,Търговище,BG334
48800,Могилите,с.,GAB35,000215946,Габрово,BG322
48814,Могилица,с.,SML31,000615118,Смолян,BG424
48828,Могилище,с.,DOB17,000852697,Добрич,BG332
48831,Могилово,с.,SZR36,000818086,Стара Загора,BG344
48845,Могиляне,с.,KRZ14,000235888,Кърджали,BG425
48859,Мокреш,с.,MON11,000320648,Монтана,BG312
48862,Мокреш,с.,SHU23,000931625,Шумен,BG333
48876,Мокрище,с.,PAZ19,000351736,Пазарджик,BG423
48903,Момина клисура,с.,PAZ04,000351558,Пазарджик,BG423
48917,Момина сълза,с.,KRZ21,000235984,Кърджали,BG425
48920,Момино,с.,TGV35,000875920,Търговище,BG334
48934,Момино,с.,HKV34,000903946,Хасково,BG422
48948,Момино село,с.,PDV25,000471543,Пловдив,BG421
48951,Момин сбор,с.,VTR04,000133634,Велико Търново,BG321
48965,Моминско,с.,PDV28,000471582,Пловдив,BG421
48979,Момково,с.,HKV28,000903825,Хасково,BG422
48982,Царичино,с.,DOB03,000852544,Добрич,BG332
48996,Момчилград,гр.,KRZ21,000235984,Кърджали,BG425
49000,Момчилово,с.,VAR08,000093458,Варна,BG331
49014,Момчиловци,с.,SML31,000615118,Смолян,BG424
49028,Морава,с.,VTR28,000133965,Велико Търново,BG321
49031,Моравица,с.,VRC27,000193371,Враца,BG313
49045,Моравица,с.,TGV02,000875557,Търговище,BG334
49059,Моравка,с.,TGV02,000875557,Търговище,BG334
49062,Моровеците,с.,GAB05,000215630,Габрово,BG322
49076,Горно Черковище,с.,SZR12,000817778,Стара Загора,BG344
49093,Мортагоново,с.,RAZ26,000505910,Разград,BG324
49103,Морянци,с.,KRZ15,000235913,Кърджали,BG425
49117,Московец,с.,PDV13,000471365,Пловдив,BG421
49120,Мост,с.,KRZ16,000235920,Кърджали,BG425
49148,Мостич,с.,SHU23,000931625,Шумен,BG333
49151,Мостово,с.,PDV01,000471059,Пловдив,BG421
49165,Мочуре,с.,SML27,000615075,Смолян,BG424
49179,Мощанец,с.,BLG03,000024695,Благоевград,BG413
49182,Мракетинци,с.,PER51,000386790,Перник,BG414
49196,Мрамор,с.,PER51,000386790,Перник,BG414
49206,Мрамор,с.,SOF46,000696327,София (столица),BG411
49219,Мрамор,с.,HKV32,000970464,Хасково,BG422
49223,Мраморен,с.,VRC10,000193115,Враца,BG313
49237,Мрахори,с.,GAB05,000215630,Габрово,BG322
49240,Мраченик,с.,PDV13,000471365,Пловдив,BG421
49254,Мрежичко,с.,BGS18,000057211,Бургас,BG341
49268,Мрежичко,с.,KRZ08,000235831,Кърджали,BG425
49271,Мръзеци,с.,GAB35,000215946,Габрово,BG322
49285,Мугла,с.,SML31,000615118,Смолян,BG424
49299,Музга,с.,GAB05,000215630,Габрово,BG322
49309,Мулдава,с.,PDV01,000471059,Пловдив,BG421
49312,Рупите,с.,BLG33,000024916,Благоевград,BG413
49326,Мурга,с.,KRZ35,000236164,Кърджали,BG425
49334,Мургаш,с.,SFO09,000776160,София,BG412
49343,Мургово,с.,KRZ16,000235920,Кърджали,BG425
49357,Мурено,с.,PER19,000386662,Перник,BG414
49360,Мурсалево,с.,KNL27,000261491,Кюстендил,BG415
49374,Муртинци,с.,PER08,000386559,Перник,BG414
49388,Мусачево,с.,SFO17,000776242,София,BG412
49391,Мусачево,с.,SZR07,000817696,Стара Загора,BG344
49401,Мусево,с.,KRZ02,000235750,Кърджали,BG425
49415,Муселиево,с.,PVN21,000413885,Плевен,BG314
49429,Мусина,с.,VTR22,000133901,Велико Търново,BG321
49432,Мосомище,с.,BLG11,000024745,Благоевград,BG413
49446,Мустрак,с.,HKV28,000903825,Хасково,BG422
49450,Мухово,с.,SFO20,000776299,София,BG412
49463,Муця,с.,GAB12,000215729,Габрово,BG322
49477,Мъглен,с.,BGS01,000056764,Бургас,BG341
49480,Мъглене,с.,KRZ14,000235888,Кърджали,BG425
49494,Мъглиж,гр.,SZR22,000817867,Стара Загора,BG344
49504,Мъглища,с.,SML16,000614984,Смолян,BG424
49518,Мъдрево,с.,RAZ16,000505846,Разград,BG324
49521,Мъдрец,с.,KRZ16,000235920,Кърджали,BG425
49535,Мъдрец,с.,SZR07,000817696,Стара Загора,BG344
49549,Мъдрино,с.,BGS09,000057026,Бургас,BG341
49566,Мърводол,с.,KNL31,000261541,Кюстендил,BG415
49583,Мъртвината,с.,VTR13,000133762,Велико Търново,BG321
49597,Мърчаево,с.,SOF46,000696327,София (столица),BG411
49607,Мърчево,с.,MON04,000320566,Монтана,BG312
49624,Мътеница,с.,PDV37,000471671,Пловдив,BG421
49641,Малки Искър,с.,SFO18,000776259,София,BG412
49655,Малуша,с.,GAB05,000215630,Габрово,BG322
49686,Микрево,с.,BLG49,000024713,Благоевград,BG413
49998,Малък дол,с.,SZR04,000817568,Стара Загора,BG344
50245,Момин проход,гр.,SFO25,000776349,София,BG412
50512,Малко Йонково,с.,RAZ14,000505821,Разград,BG324
51010,Навъсен,с.,HKV29,000903729,Хасково,BG422
51024,Надарево,с.,TGV35,000875920,Търговище,BG334
51038,Надарци,с.,SML31,000615118,Смолян,BG424
51041,Надежден,с.,HKV33,000903939,Хасково,BG422
51055,Преображенци,с.,BGS18,000057211,Бургас,BG341
51069,Найден Герово,с.,PDV33,000471640,Пловдив,BG421
51072,Найденово,с.,SZR04,000817568,Стара Загора,BG344
51086,Нане,с.,KRZ14,000235888,Кърджали,BG425
51097,Нановица,с.,KRZ21,000235984,Кърджали,BG425
51127,Нареченски бани,с.,PDV01,000471059,Пловдив,BG421
51130,Насалевци,с.,PER51,000386790,Перник,BG414
51158,Наум,с.,SHU18,000931881,Шумен,BG333
51161,Научене,с.,SLV16,000590597,Сливен,BG342
51175,Нацовци,с.,VTR04,000133634,Велико Търново,BG321
51189,Начево,с.,SFO16,000776235,София,BG412
51192,Небеска,с.,KRZ35,000236164,Кърджали,BG425
51202,Невестино,с.,BGS09,000057026,Бургас,BG341
51216,Невестино,с.,KNL31,000261541,Кюстендил,BG415
51233,Невша,с.,VAR08,000093458,Варна,BG331
51250,Негован,с.,SOF46,000696327,София (столица),BG411
51264,Неговановци,с.,VID30,000159643,Видин,BG311
51278,Негованци,с.,PER36,000386776,Перник,BG414
51281,Негушево,с.,SFO10,000776178,София,BG412
51295,Недан,с.,VTR22,000133901,Велико Търново,BG321
51305,Неделево,с.,PDV33,000471640,Пловдив,BG421
51319,Неделино,гр.,SML18,000615043,Смолян,BG424
51322,Неделище,с.,SFO16,000776235,София,BG412
51336,Неделкова Гращица,с.,KNL31,000261541,Кюстендил,BG415
51343,Неделково,с.,PER51,000386790,Перник,BG414
51353,Недоклан,с.,RAZ26,000505910,Разград,BG324
51367,Недялковци,с.,VTR13,000133762,Велико Търново,BG321
51370,Недялковци,с.,GAB35,000215946,Габрово,BG322
51384,Недялско,с.,JAM22,000970432,Ямбол,BG343
51398,Нейково,с.,SLV11,000590540,Сливен,BG342
51408,Нейково,с.,DOB17,000852697,Добрич,BG332
51411,Нейкьовец,с.,SFO20,000776299,София,BG412
51439,Нейчовци,с.,GAB12,000215729,Габрово,BG322
51442,Ненково,с.,KRZ16,000235920,Кърджали,BG425
51456,Неново,с.,VAR24,000093638,Варна,BG331
51469,Неновци,с.,GAB35,000215946,Габрово,BG322
51473,Неофит Бозвелиево,с.,KRZ21,000235984,Кърджали,BG425
51487,Неофит Рилски,с.,VAR08,000093458,Варна,BG331
51490,Непразненци,с.,PER08,000386559,Перник,BG414
51500,Несебър,гр.,BGS15,000057122,Бургас,BG341
51514,Несла,с.,SFO16,000776235,София,BG412
51528,Нефела,с.,VRC10,000193115,Враца,BG313
51531,Нешевци,с.,VTR13,000133762,Велико Търново,BG321
51559,Нивянин,с.,VRC05,000193065,Враца,BG313
51562,Никачковци,с.,GAB35,000215946,Габрово,BG322
51584,Николаевка,с.,VAR26,000093684,Варна,BG331
51593,Николаево,с.,VTR31,000133972,Велико Търново,BG321
51603,Николаево,с.,GAB35,000215946,Габрово,BG322
51617,Николаево,с.,PER36,000386776,Перник,BG414
51620,Николаево,с.,PVN24,000413974,Плевен,BG314
51634,Николаево,с.,SLV20,000590654,Сливен,BG342
51648,Николаево,гр.,SZR38,123116940,Стара Загора,BG344
51651,Никола Козлево,с.,SHU21,000931568,Шумен,BG333
51665,Николово,с.,MON29,000320872,Монтана,BG312
51679,Николово,с.,RSE27,000530632,Русе,BG323
51682,Николово,с.,HKV34,000903946,Хасково,BG422
51696,Николовци,с.,VTR13,000133762,Велико Търново,BG321
51706,Николчовци,с.,VTR13,000133762,Велико Търново,BG321
51715,Николчовци,с.,GAB05,000215630,Габрово,BG322
51723,Никопол,гр.,PVN21,000413885,Плевен,BG314
51737,Никудин,с.,BLG49,000024713,Благоевград,BG413
51740,Никюп,с.,VTR04,000133634,Велико Търново,BG321
51768,Нисово,с.,RSE13,000530536,Русе,BG323
51771,Ничовци,с.,VTR13,000133762,Велико Търново,BG321
51785,Нова бяла река,с.,SHU10,000931415,Шумен,BG333
51799,Нова Върбовка,с.,VTR31,000133972,Велико Търново,BG321
51809,Нова Загора,гр.,SLV16,000590597,Сливен,BG342
51812,Нова Камена,с.,DOB27,000852925,Добрич,BG332
51826,Новаково,с.,VAR02,000093385,Варна,BG331
51830,Новаково,с.,PDV01,000471059,Пловдив,BG421
51843,Новаковци,с.,GAB05,000215630,Габрово,BG322
51857,Нова ливада,с.,HKV11,000235870,Хасково,BG422
51860,Нова Ловча,с.,BLG52,000025014,Благоевград,BG413
51874,Нова махала,с.,PAZ03,000351540,Пазарджик,BG423
51888,Нова махала,с.,SZR38,123116940,Стара Загора,BG344
51891,Нова Надежда,с.,HKV34,000903946,Хасково,BG422
51901,Нова Попина,с.,SLS32,000565544,Силистра,BG325
51929,Новачево,с.,SLV20,000590654,Сливен,BG342
51932,Новачене,с.,PVN21,000413885,Плевен,BG314
51946,Новачене,с.,SFO07,000776089,София,BG412
51956,Нова Черна,с.,SLS34,000565626,Силистра,BG325
51963,Нова Шипка,с.,VAR13,000093517,Варна,BG331
51977,Новград,с.,RSE37,000530671,Русе,BG323
51980,Стамболийски,гр.,PDV41,115245280,Пловдив,BG421
51994,Нови пазар,с.,KRZ35,000236164,Кърджали,BG425
52009,Нови пазар,гр.,SHU22,000931575,Шумен,BG333
52012,Нови хан,с.,SFO17,000776242,София,BG412
52026,Нови чифлик,с.,KNL29,000261517,Кюстендил,BG415
52038,Ново Ботево,с.,DOB15,000852188,Добрич,BG332
52043,Ново бърдо,с.,SFO16,000776235,София,BG412
52057,Новогорци,с.,VTR14,000133778,Велико Търново,BG321
52060,Ново градище,с.,VTR31,000133972,Велико Търново,BG321
52074,Ново Делчево,с.,BLG40,000024955,Благоевград,BG413
52088,Ново Железаре,с.,PDV37,000471671,Пловдив,BG421
52091,Ново Кономлади,с.,BLG33,000024916,Благоевград,BG413
52101,Ново Лески,с.,BLG52,000025014,Благоевград,BG413
52115,Ново Оряхово,с.,VAR13,000093517,Варна,BG331
52129,Ново Паничарево,с.,BGS27,102164063,Бургас,BG341
52132,Новосел,с.,SHU30,000931721,Шумен,BG333
52146,Новоселец,с.,SLV16,000590597,Сливен,BG342
52153,Новоселище,с.,KRZ35,000236164,Кърджали,BG425
52177,Ново село,с.,VTR04,000133634,Велико Търново,BG321
52180,Ново село,с.,VID30,000159643,Видин,BG311
52194,Ново село,с.,KNL29,000261517,Кюстендил,BG415
52218,Априлци,гр.,LOV02,000291627,Ловеч,BG315
52221,Ново село,с.,PDV41,115245280,Пловдив,BG421
52235,Ново село,с.,RSE27,000530632,Русе,BG323
52249,Ново село,с.,SFO39,000776491,София,BG412
52252,Ново село,с.,SZR31,000818022,Стара Загора,BG344
52279,Константиново,с.,BGS08,000057001,Бургас,BG341
52283,Новоселци,с.,VID09,000159508,Видин,BG311
52297,Новоселяне,с.,KNL04,000261363,Кюстендил,BG415
52307,Ново Ходжово,с.,BLG40,000024955,Благоевград,BG413
52310,Ново Янково,с.,SHU25,000931657,Шумен,BG333
52324,Ноевци,с.,PER08,000386559,Перник,BG414
52338,Ножарево,с.,SLS07,000565380,Силистра,BG325
52341,Ножарово,с.,RAZ29,000505928,Разград,BG324
52355,Ножерите,с.,GAB35,000215946,Габрово,BG322
52369,Носеите,с.,GAB35,000215946,Габрово,BG322
52372,Ночево,с.,KRZ35,000236164,Кърджали,BG425
52386,Нюшковци,с.,VTR13,000133762,Велико Търново,BG321
52400,Николичевци,с.,KNL29,000261517,Кюстендил,BG415
53014,Обединение,с.,VTR26,000133933,Велико Търново,BG321
53031,Обел,с.,BLG03,000024695,Благоевград,BG413
53045,Обзор,гр.,BGS15,000057122,Бургас,BG341
53059,Обидим,с.,BLG01,000024663,Благоевград,BG413
53062,Обител,с.,TGV22,000875817,Търговище,BG334
53076,Обичник,с.,KRZ21,000235984,Кърджали,BG425
53089,Обнова,с.,PVN16,000413814,Плевен,BG314
53093,Оборище,с.,VAR09,000093474,Варна,BG331
53103,Оборище,с.,PAZ20,000351743,Пазарджик,BG423
53117,Обретеник,с.,RSE03,000530479,Русе,BG323
53120,Оброчище,с.,DOB03,000852544,Добрич,BG332
53134,Обручище,с.,SZR07,000817696,Стара Загора,BG344
53148,Овен,с.,SLS10,000565416,Силистра,BG325
53151,Овощарци,с.,GAB05,000215630,Габрово,BG322
53165,Овощна,с.,VTR14,000133778,Велико Търново,BG321
53179,Овощник,с.,SZR12,000817778,Стара Загора,BG344
53182,Овчага,с.,VAR24,000093638,Варна,BG331
53196,Овча могила,с.,VTR28,000133965,Велико Търново,BG321
53206,Овчари,с.,KRZ15,000235913,Кърджали,BG425
53210,Овчарово,с.,DOB15,000852188,Добрич,BG332
53223,Овчарово,с.,TGV35,000875920,Търговище,BG334
53237,Овчарово,с.,HKV33,000903939,Хасково,BG422
53240,Овчарово,с.,SHU30,000931721,Шумен,BG333
53254,Овчарци,с.,KNL41,000261616,Кюстендил,BG415
53268,Овчарци,с.,SZR27,000817956,Стара Загора,BG344
53271,Овчево,с.,KRZ08,000235831,Кърджали,BG425
53285,Овчеполци,с.,PAZ19,000351736,Пазарджик,BG423
53299,Овчи кладенец,с.,JAM25,000970457,Ямбол,BG343
53309,Оглед,с.,SML27,000615075,Смолян,BG424
53312,Огнен,с.,BGS09,000057026,Бургас,BG341
53326,Огняново,с.,BLG13,000024752,Благоевград,BG413
53335,Огняново,с.,PAZ19,000351736,Пазарджик,BG423
53343,Огняново,с.,SFO17,000776242,София,BG412
53357,Огняново,с.,DOB20,000852754,Добрич,BG332
53374,Огоя,с.,SFO43,000776502,София,BG412
53388,Оградна,с.,SML18,000615043,Смолян,BG424
53391,Огражден,с.,DOB12,000852633,Добрич,BG332
53401,Одоровци,с.,MON07,000320580,Монтана,BG312
53415,Одраница,с.,PER19,000386662,Перник,BG414
53429,Одринци,с.,HKV11,000235870,Хасково,BG422
53432,Одринци,с.,DOB15,000852188,Добрич,BG332
53446,Одърне,с.,PVN27,000413999,Плевен,BG314
53450,Одърци,с.,DOB15,000852188,Добрич,BG332
53463,Озърновци,с.,PER08,000386559,Перник,BG414
53477,Околиите,с.,GAB35,000215946,Габрово,BG322
53480,Окоп,с.,JAM25,000970457,Ямбол,BG343
53494,Окорш,с.,SLS10,000565416,Силистра,BG325
53504,Оман,с.,JAM03,000970051,Ямбол,BG343
53518,Омарчево,с.,SLV16,000590597,Сливен,BG342
53521,Омарчево,с.,SHU18,000931881,Шумен,BG333
53535,Омуртаг,гр.,TGV22,000875817,Търговище,BG334
53549,Оногур,с.,DOB27,000852925,Добрич,BG332
53552,Опака,гр.,TGV23,000875824,Търговище,BG334
53576,Опан,с.,SZR23,000817917,Стара Загора,BG344
53583,Опанец,с.,PVN24,000413974,Плевен,BG314
53597,Опанец,с.,DOB15,000852188,Добрич,BG332
53607,Опицвет,с.,SFO26,000776363,София,BG412
53610,Оплетня,с.,SFO43,000776502,София,BG412
53624,Опълченец,с.,SZR04,000817568,Стара Загора,BG344
53638,Опълченско,с.,KRZ16,000235920,Кърджали,BG425
53641,Орач,с.,TGV02,000875557,Търговище,BG334
53655,Ореховица,с.,PVN10,000413725,Плевен,BG314
53669,Орехово,с.,SML38,000615164,Смолян,BG424
53672,Ореш,с.,VTR28,000133965,Велико Търново,BG321
53691,Орешак,с.,VAR02,000093385,Варна,BG331
53707,Орешак,с.,LOV34,000291709,Ловеч,BG315
53713,Орешари,с.,KRZ15,000235913,Кърджали,BG425
53727,Ореше,с.,BLG13,000024752,Благоевград,BG413
53730,Орешене,с.,LOV38,000291723,Ловеч,BG315
53744,Орешене,с.,SLS10,000565416,Силистра,BG325
53758,Орешец,с.,VID16,000159554,Видин,BG311
53761,Орешец,с.,PDV01,000471059,Пловдив,BG421
53775,Орешец,с.,HKV33,000903939,Хасково,BG422
53789,Орешино,с.,HKV11,000235870,Хасково,BG422
53792,Орешец,с.,SML31,000615118,Смолян,BG424
53802,Орешник,с.,HKV32,000970464,Хасково,BG422
53816,Орешница,с.,KRZ16,000235920,Кърджали,BG425
53822,Оризаре,с.,BGS15,000057122,Бургас,BG341
53833,Оризари,с.,PDV26,000472200,Пловдив,BG421
53847,Оризари,с.,SLV24,000590704,Сливен,BG342
53850,Оризово,с.,SZR04,000817568,Стара Загора,BG344
53878,Орлица,с.,KRZ14,000235888,Кърджали,BG425
53881,Орлова могила,с.,DOB15,000852188,Добрич,BG332
53895,Орлов дол,с.,HKV32,000970464,Хасково,BG422
53905,Орловец,с.,VTR26,000133933,Велико Търново,BG321
53919,Орлово,с.,SLV11,000590540,Сливен,BG342
53936,Орлово,с.,HKV34,000903946,Хасково,BG422
53948,Орловци,с.,GAB05,000215630,Габрово,BG322
53953,Орляк,с.,DOB27,000852925,Добрич,BG332
53967,Орляне,с.,LOV36,000291716,Ловеч,BG315
53970,Орсоя,с.,MON24,000320840,Монтана,BG312
53984,Орлинци,с.,BGS06,000056878,Бургас,BG341
53998,Орцево,с.,BLG02,000024688,Благоевград,BG413
54002,Оряховец,с.,SML02,000614952,Смолян,BG424
54016,Оряховица,с.,SZR31,000818022,Стара Загора,BG344
54020,Оряхово,гр.,VRC31,000193414,Враца,BG313
54033,Оряхово,с.,HKV17,000903686,Хасково,BG422
54047,Оселна,с.,VRC27,000193371,Враца,BG313
54050,Оселна,с.,SFO18,000776259,София,BG412
54064,Осен,с.,VRC21,000193282,Враца,BG313
54078,Осен,с.,SLS07,000565380,Силистра,BG325
54081,Осен,с.,TGV35,000875920,Търговище,BG334
54095,Осенарите,с.,VTR04,000133634,Велико Търново,BG321
54105,Осенец,с.,RAZ26,000505910,Разград,BG324
54119,Осеновец,с.,SHU07,000931397,Шумен,BG333
54122,Осеновлаг,с.,SFO43,000776502,София,BG412
54136,Осеново,с.,BLG01,000024663,Благоевград,BG413
54145,Осеново,с.,VAR02,000093385,Варна,BG331
54153,Осетеново,с.,SZR24,000817931,Стара Загора,BG344
54170,Осиковица,с.,SFO34,000776477,София,BG412
54184,Осиково,с.,BLG13,000024752,Благоевград,BG413
54198,Осиково,с.,SML09,000614895,Смолян,BG424
54208,Осиково,с.,TGV24,000875856,Търговище,BG334
54211,Осиковска Лакавица,с.,SFO34,000776477,София,BG412
54225,Осина,с.,BLG42,000024962,Благоевград,BG413
54242,Осларка,с.,SZR36,000818086,Стара Загора,BG344
54256,Ослен Криводол,с.,VRC27,000193371,Враца,BG313
54260,Рибарци,с.,KRZ02,000235750,Кърджали,BG425
54273,Осмар,с.,SHU23,000931625,Шумен,BG333
54287,Осоица,с.,SFO10,000776178,София,BG412
54300,Остра могила,с.,SLV11,000590540,Сливен,BG342
54314,Остра могила,с.,SZR31,000818022,Стара Загора,BG344
54345,Острец,с.,TGV35,000875920,Търговище,BG334
54359,Остри пазлак,с.,SML31,000615118,Смолян,BG424
54362,Острица,с.,RSE08,000530529,Русе,BG323
54376,Острица,с.,SML38,000615164,Смолян,BG424
54386,Остров,с.,VRC31,000193414,Враца,BG313
54393,Островец,с.,KRZ14,000235888,Кърджали,BG425
54403,Островица,с.,KRZ16,000235920,Кърджали,BG425
54417,Острово,с.,RAZ11,000505814,Разград,BG324
54420,Островче,с.,RAZ26,000505910,Разград,BG324
54434,Острокапци,с.,VID16,000159554,Видин,BG311
54448,Остър камък,с.,HKV33,000903939,Хасково,BG422
54451,Отец Кирилово,с.,PDV07,000471123,Пловдив,BG421
54465,Отец Паисиево,с.,PDV12,000471340,Пловдив,BG421
54479,Охлювец,с.,KRZ16,000235920,Кърджали,BG425
54482,Оходен,с.,VRC10,000193115,Враца,BG313
54496,Охрид,с.,MON04,000320566,Монтана,BG312
54506,Очиндол,с.,VRC27,000193371,Враца,BG313
54517,Ошане,с.,VID01,000159458,Видин,BG311
54523,Ошаните,с.,GAB35,000215946,Габрово,BG322
54537,Ощава,с.,BLG28,000024720,Благоевград,BG413
54554,Очуша,с.,SFO25,000776349,София,BG412
54821,Орех,с.,KRZ15,000235913,Кърджали,BG425
55018,Павел,с.,VTR26,000133933,Велико Търново,BG321
55021,Павел баня,гр.,SZR24,000817931,Стара Загора,BG344
55035,Павелско,с.,SML38,000615164,Смолян,BG424
55049,Павлевци,с.,GAB35,000215946,Габрово,BG322
55052,Павликени,гр.,VTR22,000133901,Велико Търново,BG321
55070,Паволче,с.,VRC10,000193115,Враца,BG313
55083,Падала,с.,KNL38,000261598,Кюстендил,BG415
55097,Падало,с.,KRZ15,000235913,Кърджали,BG425
55107,Падеш,с.,BLG03,000024695,Благоевград,BG413
55110,Падина,с.,VAR14,000093645,Варна,BG331
55124,Падина,с.,KRZ02,000235750,Кърджали,BG425
55138,Падина,с.,SLS07,000565380,Силистра,BG325
55141,Падине,с.,PER19,000386662,Перник,BG414
55155,Пазарджик,гр.,PAZ19,000351736,Пазарджик,BG423
55169,Пазарци,с.,KRZ21,000235984,Кърджали,BG425
55186,Паисиево,с.,SLS10,000565416,Силистра,BG325
55196,Паисий,с.,VTR06,000133673,Велико Търново,BG321
55201,Пайдушко,с.,TGV35,000875920,Търговище,BG334
55213,Паламарца,с.,TGV24,000875856,Търговище,BG334
55227,Палат,с.,BLG49,000024713,Благоевград,BG413
55230,Палатово,с.,KNL48,000261630,Кюстендил,BG415
55244,Палаузово,с.,JAM22,000970432,Ямбол,BG343
55258,Палилула,с.,MON04,000320566,Монтана,BG312
55261,Палици,с.,VTR13,000133762,Велико Търново,BG321
55275,Памидово,с.,PAZ14,000351693,Пазарджик,BG423
55289,Памукчии,с.,SZR31,000818022,Стара Загора,BG344
55292,Памукчии,с.,SHU22,000931575,Шумен,BG333
55302,Панагюрище,гр.,PAZ20,000351743,Пазарджик,BG423
55316,Панайот Волово,с.,SHU30,000931721,Шумен,BG333
55327,Панайот Хитово,с.,TGV22,000875817,Търговище,BG334
55333,Панаретовци,с.,SLV20,000590654,Сливен,BG342
55350,Паницово,с.,BGS15,000057122,Бургас,BG341
55364,Паничарево,с.,KNL04,000261363,Кюстендил,BG415
55378,Паничери,с.,PDV37,000471671,Пловдив,BG421
55381,Паничино,с.,TGV22,000875817,Търговище,BG334
55395,Паничково,с.,KRZ35,000236164,Кърджали,BG425
55405,Пановци,с.,SFO20,000776299,София,BG412
55419,Панчарево,с.,SOF46,000696327,София (столица),BG411
55422,Панчево,с.,KRZ16,000235920,Кърджали,BG425
55436,Папрат,с.,KRZ08,000235831,Кърджали,BG425
55442,Папратлива,с.,VTR13,000133762,Велико Търново,BG321
55453,Парамун,с.,PER51,000386790,Перник,BG414
55467,Парил,с.,BLG52,000025014,Благоевград,BG413
55470,Партизани,с.,VAR16,000093524,Варна,BG331
55484,Партизанин,с.,SZR04,000817568,Стара Загора,BG344
55498,Парчовци,с.,GAB05,000215630,Габрово,BG322
55508,Паскалевец,с.,VTR22,000133901,Велико Търново,BG321
55511,Паскалево,с.,DOB15,000852188,Добрич,BG332
55525,Паспал,с.,KRZ02,000235750,Кърджали,BG425
55539,Пастра,с.,KNL38,000261598,Кюстендил,BG415
55542,Пастух,с.,KNL31,000261541,Кюстендил,BG415
55556,Паталеница,с.,PAZ19,000351736,Пазарджик,BG423
55568,Патица,с.,KRZ35,000236164,Кърджали,BG425
55573,Патреш,с.,VTR22,000133901,Велико Търново,BG321
55587,Патрешко,с.,LOV34,000291709,Ловеч,BG315
55590,Патриарх Евтимово,с.,PDV01,000471059,Пловдив,BG421
55600,Пауново,с.,SFO20,000776299,София,BG412
55614,Пашинци,с.,KRZ15,000235913,Кърджали,BG425
55628,Пашкул,с.,HKV11,000235870,Хасково,BG422
55631,Пашови,с.,PAZ08,000351580,Пазарджик,BG423
55645,Пашово,с.,HKV28,000903825,Хасково,BG422
55662,Певец,с.,TGV35,000875920,Търговище,BG334
55676,Певците,с.,PDV13,000471365,Пловдив,BG421
55693,Пейковци,с.,VTR13,000133762,Велико Търново,BG321
55703,Пейна,с.,GAB12,000215729,Габрово,BG322
55717,Пейовци,с.,GAB05,000215630,Габрово,BG322
55720,Пейчиново,с.,RSE04,000530493,Русе,BG323
55734,Пелатиково,с.,KNL31,000261541,Кюстендил,BG415
55748,Плевун,с.,HKV11,000235870,Хасково,BG422
55751,Пелин,с.,KRZ15,000235913,Кърджали,BG425
55765,Пелишат,с.,PVN24,000413974,Плевен,BG314
55782,Искър,гр.,PVN23,000413942,Плевен,BG314
55796,Пенковци,с.,GAB05,000215630,Габрово,BG322
55814,Пенкьовци,с.,PER51,000386790,Перник,BG414
55823,Пеньово,с.,KRZ16,000235920,Кърджали,BG425
55837,Пепелина,с.,RSE08,000530529,Русе,BG323
55840,Пепелище,с.,KRZ16,000235920,Кърджали,BG425
55868,Периловец,с.,VID03,000159472,Видин,BG311
55871,Перник,гр.,PER32,000386751,Перник,BG414
55885,Перперек,с.,KRZ16,000235920,Кърджали,BG425
55899,Перуника,с.,KRZ15,000235913,Кърджали,BG425
55909,Перущица,гр.,PDV40,115246756,Пловдив,BG421
55912,Песнопой,с.,KRZ02,000235750,Кърджали,BG425
55926,Песнопой,с.,PDV12,000471340,Пловдив,BG421
55930,Песочница,с.,MON02,000320559,Монтана,BG312
55960,Петелово,с.,KRZ35,000236164,Кърджали,BG425
55988,Пет кладенци,с.,RSE04,000530493,Русе,BG323
55991,Петково,с.,SML31,000615118,Смолян,BG424
56006,Петково,с.,SFO17,000776242,София,BG412
56011,Петковци,с.,VTR13,000133762,Велико Търново,BG321
56023,Петковци,с.,GAB12,000215729,Габрово,BG322
56037,Петко Славейков,с.,GAB29,000215889,Габрово,BG322
56040,Петлешково,с.,DOB12,000852633,Добрич,BG332
56054,Петлино,с.,KRZ16,000235920,Кърджали,BG425
56068,Пет могили,с.,SLV16,000590597,Сливен,BG342
56071,Пет могили,с.,SHU21,000931568,Шумен,BG333
56085,Петокладенци,с.,PVN03,000413579,Плевен,BG314
56099,Петревене,с.,LOV19,000291602,Ловеч,BG315
56109,Петрелик,с.,BLG52,000025014,Благоевград,BG413
56112,Петрино,с.,TGV22,000875817,Търговище,BG334
56126,Петрич,гр.,BLG33,000024916,Благоевград,BG413
56137,Петрич,с.,SFO47,000776464,София,BG412
56143,Петров дол,с.,VAR24,000093638,Варна,BG331
56157,Петров дол,с.,SML16,000614984,Смолян,BG424
56174,Петрово,с.,BLG40,000024955,Благоевград,BG413
56188,Петрово,с.,SZR31,000818022,Стара Загора,BG344
56191,Петровци,с.,GAB05,000215630,Габрово,BG322
56201,Петърница,с.,PVN11,000413732,Плевен,BG314
56215,Петърч,с.,SFO26,000776363,София,BG412
56229,Пецовци,с.,GAB05,000215630,Габрово,BG322
56232,Печеница,с.,RAZ14,000505821,Разград,BG324
56246,Печинска,с.,SML16,000614984,Смолян,BG424
56252,Пешаково,с.,VID09,000159508,Видин,BG311
56277,Пещера,гр.,PAZ21,000351750,Пазарджик,BG423
56280,Пещера,с.,PER19,000386662,Перник,BG414
56294,Пещера,с.,SML31,000615118,Смолян,BG424
56304,Генчовци,с.,GAB35,000215946,Габрово,BG322
56318,Пещерна,с.,LOV19,000291602,Ловеч,BG315
56321,Пещерско,с.,BGS01,000056764,Бургас,BG341
56335,Буково,с.,PDV23,000471536,Пловдив,BG421
56349,Пиперево,с.,KNL48,000261630,Кюстендил,BG415
56352,Пиперица,с.,BLG40,000024955,Благоевград,BG413
56366,Пиперково,с.,RSE37,000530671,Русе,BG323
56378,Пиперков чифлик,с.,KNL29,000261517,Кюстендил,BG415
56383,Пирамидата,с.,VTR04,000133634,Велико Търново,BG321
56397,Пиргово,с.,RSE13,000530536,Русе,BG323
56407,Пирдоп,гр.,SFO55,000777216,София,BG412
56410,Пирин,с.,BLG40,000024955,Благоевград,BG413
56424,Пиринец,с.,TGV02,000875557,Търговище,BG334
56438,Пирне,с.,BGS01,000056764,Бургас,BG341
56441,Писанец,с.,RSE05,000530504,Русе,BG323
56455,Писаница,с.,SML31,000615118,Смолян,BG424
56472,Писарево,с.,VTR06,000133673,Велико Търново,BG321
56486,Писарево,с.,SHU22,000931575,Шумен,BG333
56493,Писарово,с.,PVN23,000413942,Плевен,BG314
56509,Писарово,с.,DOB12,000852633,Добрич,BG332
56513,Писменово,с.,BGS27,102164063,Бургас,BG341
56527,Питово,с.,SLV16,000590597,Сливен,BG342
56544,Пишурка,с.,MON26,000320865,Монтана,BG312
56558,Пищане,с.,SFO45,000776517,София,BG412
56561,Пищигово,с.,PAZ19,000351736,Пазарджик,BG423
56575,Пиявец,с.,KRZ21,000235984,Кърджали,BG425
56589,Плазище,с.,KRZ08,000235831,Кърджали,BG425
56602,Плаково,с.,VTR04,000133634,Велико Търново,BG321
56616,Плакудер,с.,VID09,000159508,Видин,BG311
56624,Плана,с.,SOF46,000696327,София (столица),BG411
56633,Планинец,с.,HKV11,000235870,Хасково,BG422
56647,Планиница,с.,BGS18,000057211,Бургас,BG341
56650,Планиница,с.,PER32,000386751,Перник,BG414
56664,Планиново,с.,HKV32,000970464,Хасково,BG422
56678,Планинци,с.,GAB35,000215946,Габрово,BG322
56681,Планинци,с.,SML16,000614984,Смолян,BG424
56695,Плачидол,с.,DOB15,000852188,Добрич,BG332
56705,Плачка,с.,GAB12,000215729,Габрово,BG322
56719,Плачковци,гр.,GAB35,000215946,Габрово,BG322
56722,Плевен,гр.,PVN24,000413974,Плевен,BG314
56736,Пленимир,с.,DOB12,000852633,Добрич,BG332
56740,Плетена,с.,BLG42,000024962,Благоевград,BG413
56753,Плешивец,с.,VID33,000159682,Видин,BG311
56767,Плешинци,с.,KRZ21,000235984,Кърджали,BG425
56770,Плиска,гр.,SHU19,000931511,Шумен,BG333
56784,Пловдив,гр.,PDV22,000471504,Пловдив,BG421
56798,Пловдивци,с.,SML27,000615075,Смолян,BG424
56808,Пловка,с.,KRZ14,000235888,Кърджали,BG425
56811,Плодовитово,с.,SZR04,000817568,Стара Загора,BG344
56825,Плоска могила,с.,SZR31,000818022,Стара Загора,BG344
56839,Плоски,с.,BLG40,000024955,Благоевград,BG413
56842,Плъзище,с.,SFO56,000777248,София,BG412
56856,Плъстина,с.,TGV22,000875817,Търговище,BG334
56865,Победа,с.,PVN10,000413725,Плевен,BG314
56873,Победа,с.,JAM25,000970457,Ямбол,BG343
56887,Побит камък,с.,KNL50,000261655,Кюстендил,BG415
56890,Побит камък,с.,RAZ26,000505910,Разград,BG324
56900,Побък,с.,GAB35,000215946,Габрово,BG322
56914,Повалиръж,с.,SFO45,000776517,София,BG412
56928,Повет,с.,KRZ16,000235920,Кърджали,BG425
56945,Подайва,с.,RAZ14,000505821,Разград,BG324
56959,Подвис,с.,BGS23,000057250,Бургас,BG341
56962,Подвис,с.,SML31,000615118,Смолян,BG424
56976,Подвръх,с.,KRZ08,000235831,Кърджали,BG425
56980,Подгоре,с.,VID25,000159636,Видин,BG311
56993,Подгорие,с.,SFO25,000776349,София,BG412
57008,Подгорица,с.,TGV35,000875920,Търговище,BG334
57011,Подгумер,с.,SOF46,000696327,София (столица),BG411
57025,Подем,с.,PVN10,000413725,Плевен,BG314
57039,Подкова,с.,KRZ14,000235888,Кърджали,BG425
57042,Подкрепа,с.,HKV34,000903946,Хасково,BG422
57056,Подлес,с.,SLS07,000565380,Силистра,BG325
57062,Подрумче,с.,KRZ15,000235913,Кърджали,BG425
57073,Подслон,с.,SZR31,000818022,Стара Загора,BG344
57087,Подслон,с.,DOB15,000852188,Добрич,BG332
57090,Пожарево,с.,SLS34,000565626,Силистра,BG325
57100,Пожарево,с.,SFO06,000776071,София,BG412
57114,Пожерник,с.,VTR04,000133634,Велико Търново,BG321
57128,Поибрене,с.,PAZ20,000351743,Пазарджик,BG423
57131,Покрайна,с.,VID09,000159508,Видин,BG311
57145,Покрован,с.,HKV11,000235870,Хасково,BG422
57159,Покровник,с.,BLG03,000024695,Благоевград,BG413
57162,Полена,с.,BLG44,000024987,Благоевград,BG413
57176,Поленица,с.,BLG40,000024955,Благоевград,BG413
57188,Полетинци,с.,KNL29,000261517,Кюстендил,BG415
57193,Полетковци,с.,VID22,000159629,Видин,BG311
57203,Полето,с.,BLG44,000024987,Благоевград,BG413
57217,Поликраище,с.,VTR06,000133673,Велико Търново,BG321
57234,Полковник Дяково,с.,DOB20,000852754,Добрич,BG332
57248,Полковник Желязово,с.,KRZ15,000235913,Кърджали,BG425
57251,Полковник Ламбриново,с.,SLS31,000565537,Силистра,BG325
57265,Полковник Савово,с.,DOB27,000852925,Добрич,BG332
57279,Полковник Свещарово,с.,DOB15,000852188,Добрич,BG332
57282,Полковник Серафимово,с.,SML31,000615118,Смолян,BG424
57296,Полковник Таслаково,с.,SLS10,000565416,Силистра,BG325
57306,Полковник Чолаково,с.,SLS15,000565430,Силистра,BG325
57319,Полска Скакавица,с.,KNL29,000261517,Кюстендил,BG415
57323,Полски Градец,с.,SZR27,000817956,Стара Загора,BG344
57337,Полски извор,с.,BGS08,000057001,Бургас,BG341
57340,Полски Сеновец,с.,VTR26,000133933,Велико Търново,BG321
57354,Полски Тръмбеш,гр.,VTR26,000133933,Велико Търново,BG321
57368,Полско Косово,с.,RSE04,000530493,Русе,BG323
57371,Полско Пъдарево,с.,SLV16,000590597,Сливен,BG342
57385,Поляна,с.,SLS32,000565544,Силистра,BG325
57399,Поляна,с.,SML27,000615075,Смолян,BG424
57409,Поляна,с.,JAM22,000970432,Ямбол,BG343
57412,Полянец,с.,KRZ08,000235831,Кърджали,BG425
57426,Поляново,с.,BGS01,000056764,Бургас,BG341
57434,Поляново,с.,HKV33,000903939,Хасково,BG422
57443,Полянци,с.,SFO20,000776299,София,BG412
57457,Поляците,с.,VAR16,000093524,Варна,BG331
57474,Помеждин,с.,MON14,000320694,Монтана,BG312
57488,Помен,с.,RSE08,000530529,Русе,BG323
57491,Поморие,гр.,BGS17,000057179,Бургас,BG341
57501,Помощица,с.,TGV24,000875856,Търговище,BG334
57515,Помощник,с.,SZR07,000817696,Стара Загора,BG344
57529,Понор,с.,SFO26,000776363,София,BG412
57532,Попари,с.,GAB05,000215630,Габрово,BG322
57546,Попгергевци,с.,GAB35,000215946,Габрово,BG322
57550,Попгригорово,с.,DOB15,000852188,Добрич,BG332
57563,Попгруево,с.,DOB27,000852925,Добрич,BG332
57577,Попина,с.,SLS32,000565544,Силистра,BG325
57580,Попинци,с.,PAZ20,000351743,Пазарджик,BG423
57594,Попица,с.,VRC08,000193058,Враца,BG313
57604,Попкралево,с.,SLS31,000565537,Силистра,BG325
57618,Поповец,с.,HKV30,000904261,Хасково,BG422
57621,Поповица,с.,PDV28,000471582,Пловдив,BG421
57635,Попович,с.,VAR05,000093435,Варна,BG331
57649,Попово,гр.,TGV24,000875856,Търговище,BG334
57652,Попово,с.,JAM03,000970051,Ямбол,BG343
57666,Поповци,с.,VTR04,000133634,Велико Търново,BG321
57675,Поповци,с.,GAB05,000215630,Габрово,BG322
57683,Поповци,с.,SFO20,000776299,София,BG412
57697,Поповяне,с.,SFO39,000776491,София,BG412
57707,Попрайковци,с.,GAB35,000215946,Габрово,BG322
57710,Попрелка,с.,SML31,000615118,Смолян,BG424
57724,Попрусаново,с.,SLS15,000565430,Силистра,BG325
57738,Попрусевци,с.,VTR13,000133762,Велико Търново,BG321
57741,Попска,с.,VTR13,000133762,Велико Търново,BG321
57755,Попска,с.,GAB29,000215889,Габрово,BG322
57769,Попско,с.,HKV11,000235870,Хасково,BG422
57772,Пордим,гр.,PVN27,000413999,Плевен,BG314
57790,Порой,с.,BGS17,000057179,Бургас,BG341
57806,Поройна,с.,PDV23,000471536,Пловдив,BG421
57813,Поройно,с.,SLS10,000565416,Силистра,BG325
57827,Поройно,с.,TGV02,000875557,Търговище,BG334
57830,Пороминово,с.,KNL27,000261491,Кюстендил,BG415
57844,Портитовци,с.,MON04,000320566,Монтана,BG312
57858,Поручик Кърджиево,с.,DOB20,000852754,Добрич,BG332
57861,Поручик Чунчево,с.,DOB17,000852697,Добрич,BG332
57875,Посабина,с.,TGV24,000875856,Търговище,BG334
57889,Посев,с.,SLS15,000565430,Силистра,BG325
57892,Постник,с.,KRZ21,000235984,Кърджали,BG425
57916,Потока,с.,SML31,000615118,Смолян,BG424
57921,Потоп,с.,SFO17,000776242,София,BG412
57933,Поточарка,с.,KRZ15,000235913,Кърджали,BG425
57947,Поточе,с.,KRZ08,000235831,Кърджали,BG425
57950,Поточница,с.,KRZ15,000235913,Кърджали,BG425
57964,Поцърненци,с.,PER36,000386776,Перник,BG414
57981,Правда,с.,VTR06,000133673,Велико Търново,BG321
57995,Правда,с.,SLS10,000565416,Силистра,BG325
58003,Правдино,с.,JAM22,000970432,Ямбол,BG343
58013,Правдолюб,с.,KRZ02,000235750,Кърджали,BG425
58027,Правенци,с.,SHU22,000931575,Шумен,BG333
58030,Правец,гр.,SFO34,000776477,София,BG412
58044,Правешка Лакавица,с.,SFO34,000776477,София,BG412
58058,Правище,с.,PDV33,000471640,Пловдив,BG421
58061,Право бърдо,с.,BLG33,000024916,Благоевград,BG413
58075,Православ,с.,SZR04,000817568,Стара Загора,BG344
58089,Православен,с.,PDV23,000471536,Пловдив,BG421
58092,Праужда,с.,VID01,000159458,Видин,BG311
58102,Прахали,с.,GAB05,000215630,Габрово,BG322
58116,Превала,с.,MON36,000320961,Монтана,BG312
58129,Преколница,с.,KNL29,000261517,Кюстендил,BG415
58133,Прекръсте,с.,SFO16,000776235,София,BG412
58147,Прелез,с.,RAZ11,000505814,Разград,BG324
58150,Прелом,с.,LOV18,000291591,Ловеч,BG315
58178,Пресека,с.,KRZ14,000235888,Кърджали,BG425
58181,Преселенци,с.,DOB12,000852633,Добрич,BG332
58195,Преселец,с.,TGV35,000875920,Търговище,BG334
58205,Преселка,с.,SHU22,000931575,Шумен,BG333
58219,Пресиян,с.,TGV35,000875920,Търговище,BG334
58222,Велики Преслав,гр.,SHU23,000931625,Шумен,BG333
58236,Преславен,с.,SZR31,000818022,Стара Загора,BG344
58244,Преславец,с.,HKV33,000903939,Хасково,BG422
58253,Преславци,с.,SLS34,000565626,Силистра,BG325
58267,Преспа,с.,SFO56,000777248,София,BG412
58270,Преспа,с.,DOB03,000852544,Добрич,BG332
58284,Престой,с.,GAB35,000215946,Габрово,BG322
58298,Пресяк,с.,TGV35,000875920,Търговище,BG334
58308,Пресяка,с.,LOV18,000291591,Ловеч,BG315
58311,Прибой,с.,PER36,000386776,Перник,BG414
58325,Прилеп,с.,BGS23,000057250,Бургас,BG341
58339,Прилеп,с.,DOB15,000852188,Добрич,BG332
58342,Прилепци,с.,KRZ16,000235920,Кърджали,BG425
58356,Приморско,гр.,BGS27,102164063,Бургас,BG341
58360,Приморци,с.,DOB15,000852188,Добрич,BG332
58373,Припек,с.,VAR02,000093385,Варна,BG331
58387,Припек,с.,KRZ08,000235831,Кърджали,BG425
58390,Генерал Тодоров,с.,BLG33,000024916,Благоевград,BG413
58400,Присад,с.,BGS21,000057236,Бургас,BG341
58414,Присад,с.,DOB12,000852633,Добрич,BG332
58428,Присадец,с.,HKV32,000970464,Хасково,BG422
58431,Приселци,с.,BGS15,000057122,Бургас,BG341
58445,Приселци,с.,VAR01,000093378,Варна,BG331
58459,Присово,с.,VTR04,000133634,Велико Търново,BG321
58476,Присойна,с.,TGV02,000875557,Търговище,BG334
58485,Пристое,с.,SHU18,000931881,Шумен,BG333
58493,Пробуда,с.,TGV35,000875920,Търговище,BG334
58503,Провадия,гр.,VAR24,000093638,Варна,BG331
58517,Проглед,с.,SML38,000615164,Смолян,BG424
58520,Продановци,с.,VTR04,000133634,Велико Търново,BG321
58548,Продановци,с.,SFO39,000776491,София,BG412
58551,Проданча,с.,PER51,000386790,Перник,BG414
58579,Пролаз,с.,TGV35,000875920,Търговище,BG334
58582,Пролазница,с.,VID01,000159458,Видин,BG311
58596,Пролез,с.,DOB29,000852957,Добрич,BG332
58606,Пролеша,с.,SFO06,000776071,София,BG412
58616,Пролом,с.,PDV13,000471365,Пловдив,BG421
58623,Пропаст,с.,KRZ16,000235920,Кърджали,BG425
58637,Просена,с.,RSE27,000530632,Русе,BG323
58640,Просеник,с.,BGS18,000057211,Бургас,BG341
58654,Просечен,с.,VAR26,000093684,Варна,BG331
58668,Просторно,с.,RAZ26,000505910,Разград,BG324
58671,Протопопинци,с.,VID37,000159700,Видин,BG311
58685,Професор Златарски,с.,DOB27,000852925,Добрич,BG332
58699,Професор Иширково,с.,SLS31,000565537,Силистра,BG325
58709,Прохлада,с.,SLS10,000565416,Силистра,BG325
58712,Проход,с.,BGS06,000056878,Бургас,BG341
58726,Прохорово,с.,SLV16,000590597,Сливен,BG342
58731,Пряпорец,с.,KRZ35,000236164,Кърджали,BG425
58743,Пряпорец,с.,SZR31,000818022,Стара Загора,BG344
58757,Птичар,с.,KRZ21,000235984,Кърджали,BG425
58774,Птичево,с.,TGV22,000875817,Търговище,BG334
58788,Пудрия,с.,VRC21,000193282,Враца,BG313
58791,Пушево,с.,VTR04,000133634,Велико Търново,BG321
58801,Пчела,с.,JAM07,000970165,Ямбол,BG343
58815,Пчелари,с.,HKV30,000904261,Хасково,BG422
58829,Пчеларово,с.,KRZ35,000236164,Кърджали,BG425
58832,Пчеларово,с.,DOB12,000852633,Добрич,BG332
58857,Пчелин,с.,BGS23,000057250,Бургас,BG341
58863,Пчелин,с.,SFO25,000776349,София,BG412
58877,Пчелина,с.,RAZ29,000505928,Разград,BG324
58880,Пчелино,с.,DOB15,000852188,Добрич,BG332
58894,Пчелиново,с.,SZR37,123092756,Стара Загора,BG344
58918,Пчелище,с.,VTR04,000133634,Велико Търново,BG321
58921,Пчелник,с.,VAR13,000093517,Варна,BG331
58935,Пчелник,с.,DOB15,000852188,Добрич,BG332
58949,Пчелно,с.,TGV02,000875557,Търговище,BG334
58952,Пшеничево,с.,SZR31,000818022,Стара Загора,BG344
58966,Пъдарево,с.,SLV11,000590540,Сливен,BG342
58972,Пъдарино,с.,TGV22,000875817,Търговище,BG334
58983,Пъдарско,с.,PDV07,000471123,Пловдив,BG421
58997,Пъдарци,с.,KRZ16,000235920,Кърджали,BG425
59015,Пънчево,с.,BGS06,000056878,Бургас,BG341
59029,Първан,с.,TGV22,000875817,Търговище,BG334
59032,Първенец,с.,PDV26,000472200,Пловдив,BG421
59046,Първенец,с.,JAM22,000970432,Ямбол,BG343
59054,Първенци,с.,KRZ14,000235888,Кърджали,BG425
59063,Първица,с.,KRZ14,000235888,Кърджали,BG425
59077,Първомай,с.,BLG33,000024916,Благоевград,BG413
59080,Първомай,гр.,PDV23,000471536,Пловдив,BG421
59094,Първомайци,с.,VTR06,000133673,Велико Търново,BG321
59104,Пържиграх,с.,GAB35,000215946,Габрово,BG322
59118,Пърличево,с.,MON02,000320559,Монтана,BG312
59121,Пъровци,с.,VTR04,000133634,Велико Търново,BG321
59135,Пъртевци,с.,GAB05,000215630,Габрово,BG322
59152,Пърша,с.,GAB12,000215729,Габрово,BG322
59166,Пъстрен,с.,SZR23,000817917,Стара Загора,BG344
59170,Пъстрово,с.,SZR31,000818022,Стара Загора,BG344
59183,Пъстрогор,с.,HKV28,000903825,Хасково,BG422
59197,Пъстроок,с.,HKV11,000235870,Хасково,BG422
59207,Пътниково,с.,HKV30,000904261,Хасково,BG422
59210,Пясъчево,с.,HKV29,000903729,Хасково,BG422
59224,Побит камък,с.,PAZ39,176806228,Пазарджик,BG423
59300,Продановци,с.,GAB05,000215630,Габрово,BG322
59313,Планинско,с.,SML02,000614952,Смолян,BG424
59327,Поток,с.,GAB05,000215630,Габрово,BG322
59330,Палатик,с.,BLG02,000024688,Благоевград,BG413
59344,Пресока,с.,SML11,000614938,Смолян,BG424
59358,Паничище,с.,KNL41,000261616,Кюстендил,BG415
59361,Прогрес,с.,KRZ21,000235984,Кърджали,BG425
59375,Панагюрски колонии,с.,PAZ20,000351743,Пазарджик,BG423
59402,Полковник Минково,с.,DOB15,000852188,Добрич,BG332
59416,Пороище,с.,RAZ26,000505910,Разград,BG324
61011,Рабиша,с.,VID01,000159458,Видин,BG311
61025,Рабово,с.,HKV30,000904261,Хасково,BG422
61039,Раброво,с.,VID03,000159472,Видин,BG311
61042,Равадиново,с.,BGS21,000057236,Бургас,BG341
61056,Равда,с.,BGS15,000057122,Бургас,BG341
61063,Равен,с.,KRZ21,000235984,Кърджали,BG425
61073,Равна,с.,VAR24,000093638,Варна,BG331
61090,Равна,с.,MON36,000320961,Монтана,BG312
61100,Равна,с.,SFO09,000776160,София,BG412
61114,Равна гора,с.,BGS21,000057236,Бургас,BG341
61128,Равна гора,с.,VAR01,000093378,Варна,BG331
61131,Равна гора,с.,HKV28,000903825,Хасково,BG422
61145,Равнец,с.,BGS04,000056814,Бургас,BG341
61159,Равнец,с.,DOB12,000852633,Добрич,BG332
61162,Равнил,с.,SML16,000614984,Смолян,BG424
61176,Равнища,с.,SML16,000614984,Смолян,BG424
61189,Равнище,с.,SFO34,000776477,София,BG412
61193,Равнината,с.,SML27,000615075,Смолян,BG424
61203,Равно,с.,RAZ16,000505846,Разград,BG324
61217,Равново,с.,VTR14,000133778,Велико Търново,BG321
61220,Равногор,с.,PAZ06,000351565,Пазарджик,BG423
61234,Равно нивище,с.,SML16,000614984,Смолян,BG424
61248,Равно поле,с.,SFO17,000776242,София,BG412
61251,Равно село,с.,TGV02,000875557,Търговище,BG334
61265,Радан войвода,с.,VAR09,000093474,Варна,BG331
61279,Раданово,с.,VTR26,000133933,Велико Търново,BG321
61296,Раданчето,с.,GAB12,000215729,Габрово,BG322
61306,Радево,с.,VAR02,000093385,Варна,BG331
61310,Радево,с.,SLV16,000590597,Сливен,BG342
61323,Радевци,с.,GAB35,000215946,Габрово,BG322
61340,Радецки,с.,SLV16,000590597,Сливен,BG342
61354,Радибош,с.,PER36,000386776,Перник,BG414
61368,Радиево,с.,HKV09,000903533,Хасково,BG422
61371,Радилово,с.,PAZ21,000351750,Пазарджик,BG423
61385,Радинград,с.,RAZ26,000505910,Разград,BG324
61409,Радино,с.,GAB35,000215946,Габрово,BG322
61412,Радиново,с.,PDV17,000472182,Пловдив,BG421
61426,Радишево,с.,PVN24,000413974,Плевен,BG314
61435,Радковци,с.,VTR04,000133634,Велико Търново,BG321
61443,Радко Димитриево,с.,SHU30,000931721,Шумен,BG333
61457,Радловци,с.,KNL29,000261517,Кюстендил,BG415
61460,Раднево,гр.,SZR27,000817956,Стара Загора,BG344
61488,Радовене,с.,VRC32,000193460,Враца,BG313
61491,Радовец,с.,HKV32,000970464,Хасково,BG422
61501,Радово,с.,PER51,000386790,Перник,BG414
61515,Радовци,с.,VTR13,000133762,Велико Търново,BG321
61529,Радовци,с.,GAB12,000215729,Габрово,BG322
61546,Радоевци,с.,GAB35,000215946,Габрово,BG322
61563,Радойново,с.,BGS06,000056878,Бургас,BG341
61577,Радомир,гр.,PER36,000386776,Перник,BG414
61580,Радомирци,с.,PVN37,000414154,Плевен,BG314
61594,Радотина,с.,SFO07,000776089,София,BG412
61604,Радуил,с.,SFO39,000776491,София,BG412
61618,Радуй,с.,PER32,000386751,Перник,BG414
61621,Радуловци,с.,SFO45,000776517,София,BG412
61635,Радунци,с.,SZR22,000817867,Стара Загора,BG344
61649,Раевци,с.,GAB35,000215946,Габрово,BG322
61652,Разбоище,с.,SFO09,000776160,София,BG412
61666,Разбойна,с.,BGS18,000057211,Бургас,BG341
61676,Разбойна,с.,TGV35,000875920,Търговище,BG334
61697,Развигорово,с.,SHU11,000931422,Шумен,BG333
61707,Разград,с.,MON11,000320648,Монтана,BG312
61710,Разград,гр.,RAZ26,000505910,Разград,BG324
61724,Раздел,с.,SLS10,000565416,Силистра,BG325
61738,Раздел,с.,JAM07,000970165,Ямбол,BG343
61741,Разделна,с.,VAR04,000093403,Варна,BG331
61755,Разделна,с.,SZR07,000817696,Стара Загора,BG344
61769,Разделци,с.,TGV02,000875557,Търговище,BG334
61772,Раздол,с.,BLG49,000024713,Благоевград,BG413
61791,Княжевско,с.,SZR23,000817917,Стара Загора,BG344
61807,Разлив,с.,SFO34,000776477,София,BG412
61813,Разлог,гр.,BLG37,000024948,Благоевград,BG413
61830,Разсоха,с.,VTR14,000133778,Велико Търново,BG321
61844,Райкова могила,с.,HKV28,000903825,Хасково,BG422
61861,Райковци,с.,VTR04,000133634,Велико Търново,BG321
61875,Райнино,с.,RAZ14,000505821,Разград,BG324
61889,Райново,с.,HKV09,000903533,Хасково,BG422
61892,Райновци,с.,VTR13,000133762,Велико Търново,BG321
61902,Райновци,с.,GAB05,000215630,Габрово,BG322
61916,Райнушковци,с.,GAB35,000215946,Габрово,BG322
61922,Райово,с.,SFO39,000776491,София,BG412
61933,Ракево,с.,VRC21,000193282,Враца,BG313
61947,Ракиловци,с.,PER22,000386694,Перник,BG414
61950,Ракита,с.,PVN37,000414154,Плевен,BG314
61964,Ракита,с.,SFO45,000776517,София,BG412
61978,Ракитна,с.,BLG44,000024987,Благоевград,BG413
61995,Ракитница,с.,SZR31,000818022,Стара Загора,BG344
62004,Ракитово,гр.,PAZ24,000351795,Пазарджик,BG423
62013,Раклиново,с.,BGS01,000056764,Бургас,BG341
62027,Раклица,с.,BGS09,000057026,Бургас,BG341
62044,Раковица,с.,VID25,000159636,Видин,BG311
62058,Раково,с.,KNL31,000261541,Кюстендил,BG415
62061,Раково,с.,SLV20,000590654,Сливен,BG342
62075,Раковски,гр.,PDV25,000471543,Пловдив,BG421
62089,Раковски,с.,RAZ26,000505910,Разград,BG324
62092,Раковски,с.,DOB17,000852697,Добрич,BG332
62102,Раковсково,с.,BGS15,000057122,Бургас,BG341
62116,Ралево,с.,PVN24,000413974,Плевен,BG314
62120,Ралевци,с.,GAB35,000215946,Габрово,BG322
62133,Ралиновци,с.,VTR13,000133762,Велико Търново,BG321
62147,Ралица,с.,KRZ21,000235984,Кърджали,BG425
62164,Ралица,с.,TGV35,000875920,Търговище,BG334
62178,Раличево,с.,KRZ15,000235913,Кърджали,BG425
62181,Раненци,с.,KNL29,000261517,Кюстендил,BG415
62195,Рани лист,с.,KRZ16,000235920,Кърджали,BG425
62205,Рани луг,с.,PER51,000386790,Перник,BG414
62219,Расник,с.,PER32,000386751,Перник,BG414
62222,Расово,с.,MON26,000320865,Монтана,BG312
62236,Растник,с.,KRZ14,000235888,Кърджали,BG425
62245,Раховци,с.,GAB05,000215630,Габрово,BG322
62253,Рачевци,с.,GAB05,000215630,Габрово,BG322
62267,Рачовци,с.,GAB35,000215946,Габрово,BG322
62270,Рашевци,с.,VTR04,000133634,Велико Търново,BG321
62284,Рашка Гращица,с.,KNL31,000261541,Кюстендил,BG415
62298,Рашково,с.,SFO07,000776089,София,BG412
62308,Рашовите,с.,GAB35,000215946,Габрово,BG322
62311,Рашовица,с.,MON02,000320559,Монтана,BG312
62325,Раювци,с.,VTR13,000133762,Велико Търново,BG321
62339,Раяновци,с.,VID01,000159458,Видин,BG311
62342,Раяновци,с.,SFO16,000776235,София,BG412
62356,Раянци,с.,PER19,000386662,Перник,BG414
62360,Ребревци,с.,VTR13,000133762,Велико Търново,BG321
62373,Ребро,с.,PER08,000386559,Перник,BG414
62387,Реброво,с.,SFO43,000776502,София,BG412
62390,Ребърково,с.,VRC27,000193371,Враца,BG313
62400,Редешковци,с.,GAB05,000215630,Габрово,BG322
62414,Редина,с.,SFO43,000776502,София,BG412
62428,Режинци,с.,KNL29,000261517,Кюстендил,BG415
62431,Резач,с.,VTR14,000133778,Велико Търново,BG321
62445,Резбарци,с.,KRZ16,000235920,Кърджали,BG425
62459,Резово,с.,BGS13,000057097,Бургас,BG341
62462,Река,с.,SML31,000615118,Смолян,BG424
62476,Рекичка,с.,VTR14,000133778,Велико Търново,BG321
62486,Рельово,с.,SFO39,000776491,София,BG412
62493,Репляна,с.,VID37,000159700,Видин,BG311
62503,Реселец,с.,PVN37,000414154,Плевен,BG314
62517,Ресен,с.,VTR04,000133634,Велико Търново,BG321
62520,Ресилово,с.,KNL41,000261616,Кюстендил,BG415
62534,Речани,с.,SML31,000615118,Смолян,BG424
62548,Речица,с.,BGS18,000057211,Бургас,BG341
62565,Реяновци,с.,PER51,000386790,Перник,BG414
62579,Рибарица,с.,LOV33,000291698,Ловеч,BG315
62582,Рибарица,с.,SFO18,000776259,София,BG412
62596,Рибен,с.,PVN10,000413725,Плевен,BG314
62606,Рибен дол,с.,SML02,000614952,Смолян,BG424
62617,Рибино,с.,KRZ15,000235913,Кърджали,BG425
62623,Рибник,с.,BLG33,000024916,Благоевград,BG413
62637,Рибница,с.,SML27,000615075,Смолян,BG424
62640,Рибново,с.,BLG13,000024752,Благоевград,BG413
62654,Ридино,с.,KRZ08,000235831,Кърджали,BG425
62668,Ридово,с.,KRZ16,000235920,Кърджали,BG425
62671,Рила,гр.,KNL38,000261598,Кюстендил,BG415
62685,Рилски манастир,ман.,KNL38,000261598,Кюстендил,BG415
62699,Рилци,с.,BLG03,000024695,Благоевград,BG413
62712,Рисиманово,с.,SZR27,000817956,Стара Загора,BG344
62726,Ритя,с.,GAB12,000215729,Габрово,BG322
62732,Риш,с.,SHU25,000931657,Шумен,BG333
62757,Робово,с.,JAM25,000970457,Ямбол,BG343
62760,Ровина,с.,SML31,000615118,Смолян,BG424
62774,Рогач,с.,KRZ15,000235913,Кърджали,BG425
62788,Рогачево,с.,DOB03,000852544,Добрич,BG332
62791,Роглец,с.,VID33,000159682,Видин,BG311
62801,Рогозари,с.,KRZ08,000235831,Кърджали,BG425
62815,Рогозен,с.,VRC35,000193551,Враца,BG313
62829,Рогозина,с.,DOB12,000852633,Добрич,BG332
62832,Рогозиново,с.,HKV33,000903939,Хасково,BG422
62846,Рогозче,с.,KRZ08,000235831,Кърджали,BG425
62858,Рогош,с.,PDV17,000472182,Пловдив,BG421
62877,Родина,с.,VTR14,000133778,Велико Търново,BG321
62880,Родопи,с.,HKV34,000903946,Хасково,BG422
62894,Родопско,с.,KRZ02,000235750,Кърджали,BG425
62904,Рожден,с.,BGS18,000057211,Бургас,BG341
62918,Рожен,с.,BLG40,000024955,Благоевград,BG413
62921,Роза,с.,JAM25,000970457,Ямбол,BG343
62935,Розино,с.,HKV11,000235870,Хасково,BG422
62949,Розино,с.,PDV13,000471365,Пловдив,BG421
62966,Розовец,с.,PDV07,000471123,Пловдив,BG421
62973,Розово,с.,PAZ06,000351565,Пазарджик,BG423
62983,Розово,с.,SZR12,000817778,Стара Загора,BG344
62997,Роман,гр.,VRC32,000193460,Враца,BG313
63001,Ропот,с.,SFO09,000776160,София,BG412
63015,Атия,с.,BGS21,000057236,Бургас,BG341
63029,Росен,с.,BGS21,000057236,Бургас,BG341
63032,Росен,с.,PAZ19,000351736,Пазарджик,BG423
63046,Росен,с.,DOB12,000852633,Добрич,BG332
63055,Росеново,с.,BGS06,000056878,Бургас,BG341
63063,Росеново,с.,DOB15,000852188,Добрич,BG332
63077,Росина,с.,TGV35,000875920,Търговище,BG334
63080,Росица,с.,VTR22,000133901,Велико Търново,BG321
63094,Росица,с.,DOB12,000852633,Добрич,BG332
63104,Росица,с.,TGV22,000875817,Търговище,BG334
63118,Росно,с.,VTR14,000133778,Велико Търново,BG321
63121,Росоман,с.,SFO06,000776071,София,BG412
63135,Рояк,с.,VAR16,000093524,Варна,BG331
63149,Лозен,с.,SZR31,000818022,Стара Загора,BG344
63152,Рударци,с.,PER32,000386751,Перник,BG414
63166,Рудина,с.,BGS18,000057211,Бургас,BG341
63170,Рудина,с.,KRZ16,000235920,Кърджали,BG425
63197,Рудник,с.,VAR13,000093517,Варна,BG331
63207,Рудозем,гр.,SML27,000615075,Смолян,BG424
63210,Руевци,с.,GAB35,000215946,Габрово,BG322
63224,Руен,с.,BGS18,000057211,Бургас,BG341
63238,Руен,с.,PDV42,115631816,Пловдив,BG421
63241,Руец,с.,TGV35,000875920,Търговище,BG334
63255,Ружинци,с.,VID33,000159682,Видин,BG311
63269,Ружица,с.,SHU21,000931568,Шумен,BG333
63272,Ружица,с.,JAM03,000970051,Ямбол,BG343
63286,Руйно,с.,SLS10,000565416,Силистра,BG325
63296,Руйчовци,с.,GAB05,000215630,Габрово,BG322
63301,Руманя,с.,SZR31,000818022,Стара Загора,BG344
63313,Румелия,с.,HKV18,000903693,Хасково,BG422
63327,Румянцево,с.,LOV19,000291602,Ловеч,BG315
63330,Руня,с.,GAB12,000215729,Габрово,BG322
63344,Рупките,с.,SZR36,000818086,Стара Загора,BG344
63358,Рупци,с.,VID09,000159508,Видин,BG311
63361,Рупци,с.,PVN37,000414154,Плевен,BG314
63375,Рупча,с.,BGS18,000057211,Бургас,BG341
63392,Русалина,с.,KRZ35,000236164,Кърджали,BG425
63402,Русалско,с.,KRZ02,000235750,Кърджали,BG425
63416,Русаля,с.,VTR04,000133634,Велико Търново,BG321
63427,Русе,гр.,RSE27,000530632,Русе,BG323
63447,Русиновци,с.,GAB12,000215729,Габрово,BG322
63450,Руска Бела,с.,VRC27,000193371,Враца,BG313
63464,Русковци,с.,VTR04,000133634,Велико Търново,BG321
63478,Русокастро,с.,BGS08,000057001,Бургас,BG341
63481,Рустан,с.,SML16,000614984,Смолян,BG424
63495,Руховци,с.,VTR13,000133762,Велико Търново,BG321
63505,Ручей,с.,KRZ15,000235913,Кърджали,BG425
63519,Ръжавец,с.,PER08,000386559,Перник,BG414
63522,Ръжана,с.,SFO20,000776299,София,BG412
63536,Раждавица,с.,KNL29,000261517,Кюстендил,BG415
63542,Ръждак,с.,BLG33,000024916,Благоевград,BG413
63553,Ръжево,с.,PDV12,000471340,Пловдив,BG421
63567,Ръжево Конаре,с.,PDV12,000471340,Пловдив,BG421
63570,Ръжена,с.,SZR12,000817778,Стара Загора,BG344
63584,Ръженово,с.,HKV18,000903693,Хасково,BG422
63598,Ръжица,с.,BGS18,000057211,Бургас,BG341
63608,Ръсово,с.,KNL29,000261517,Кюстендил,BG415
63611,Рът,с.,KRZ08,000235831,Кърджали,BG425
63639,Рътлина,с.,TGV22,000875817,Търговище,BG334
63668,Ряхово,с.,RSE33,000530657,Русе,BG323
63673,Ряховците,с.,GAB29,000215889,Габрово,BG322
63687,Рохлева,с.,PAZ08,000351580,Пазарджик,BG423
63690,Рязковци,с.,GAB05,000215630,Габрово,BG322
63700,Ракитница,с.,VID06,000159489,Видин,BG311
63714,Рожденско,с.,KRZ08,000235831,Кърджали,BG425
65019,Сава,с.,VAR16,000093524,Варна,BG331
65022,Савин,с.,RAZ16,000505846,Разград,BG324
65036,Савино,с.,JAM25,000970457,Ямбол,BG343
65047,Савойски,с.,KNL29,000261517,Кюстендил,BG415
65067,Садина,с.,TGV24,000875856,Търговище,BG334
65070,Садовец,с.,PVN11,000413732,Плевен,BG314
65084,Садовик,с.,PER08,000386559,Перник,BG414
65098,Садовица,с.,KRZ21,000235984,Кърджали,BG425
65108,Садово,с.,BLG52,000025014,Благоевград,BG413
65111,Садово,с.,BGS23,000057250,Бургас,BG341
65125,Садово,с.,VAR01,000093378,Варна,BG331
65139,Садово,гр.,PDV28,000471582,Пловдив,BG421
65142,Сажденик,с.,KNL29,000261517,Кюстендил,BG415
65156,Сакарци,с.,HKV32,000970464,Хасково,BG422
65162,Саласука,с.,GAB12,000215729,Габрово,BG322
65173,Салаш,с.,VID01,000159458,Видин,BG311
65187,Салманово,с.,SHU30,000931721,Шумен,BG333
65190,Самовила,с.,KRZ15,000235913,Кърджали,BG425
65200,Самоводене,с.,VTR04,000133634,Велико Търново,BG321
65214,Самодива,с.,KRZ14,000235888,Кърджали,BG425
65228,Самокитка,с.,KRZ14,000235888,Кърджали,BG425
65231,Самоков,гр.,SFO39,000776491,София,BG412
65245,Самораново,с.,KNL48,000261630,Кюстендил,BG415
65259,Самотино,с.,VAR05,000093435,Варна,BG331
65262,Самсиите,с.,VTR04,000133634,Велико Търново,BG321
65276,Самуил,с.,RAZ29,000505928,Разград,BG324
65288,Самуилова крепост,с.,BLG33,000024916,Благоевград,BG413
65293,Самуилово,с.,BLG33,000024916,Благоевград,BG413
65303,Самуилово,с.,SLV20,000590654,Сливен,BG342
65317,Самуилово,с.,SZR31,000818022,Стара Загора,BG344
65320,Санадиново,с.,PVN21,000413885,Плевен,BG314
65334,Сандански,гр.,BLG40,000024955,Благоевград,BG413
65348,Сандрово,с.,RSE27,000530632,Русе,BG323
65351,Сан-Стефано,с.,BGS09,000057026,Бургас,BG341
65365,Сапарева баня,гр.,KNL41,000261616,Кюстендил,BG415
65379,Сапарево,с.,KNL41,000261616,Кюстендил,BG415
65396,Сараево,с.,VRC28,000193088,Враца,BG313
65406,Саранско,с.,JAM22,000970432,Ямбол,BG343
65419,Саранци,с.,SFO10,000776178,София,BG412
65437,Сарая,с.,PAZ19,000351736,Пазарджик,BG423
65440,Сатовча,с.,BLG42,000024962,Благоевград,BG413
65454,Сбор,с.,KRZ15,000235913,Кърджали,BG425
65468,Сбор,с.,PAZ19,000351736,Пазарджик,BG423
65471,Петко Каравелово,с.,VTR26,000133933,Велико Търново,BG321
65485,Сборино,с.,HKV11,000235870,Хасково,BG422
65499,Сборище,с.,SLV24,000590704,Сливен,BG342
65509,Сваленик,с.,RSE13,000530536,Русе,BG323
65512,Сватбаре,с.,KRZ16,000235920,Кърджали,BG425
65526,Свежен,с.,PDV07,000471123,Пловдив,BG421
65534,Света Петка,с.,PAZ08,000351580,Пазарджик,BG423
65543,Свети Никола,с.,DOB17,000852697,Добрич,BG332
65557,Светлен,с.,TGV24,000875856,Търговище,BG334
65560,Светлина,с.,BGS06,000056878,Бургас,BG341
65574,Светлина,с.,HKV09,000903533,Хасково,BG422
65588,Светлина,с.,HKV32,000970464,Хасково,BG422
65591,Светля,с.,PER22,000386694,Перник,BG414
65601,Световрачене,с.,SOF46,000696327,София (столица),BG411
65615,Светослав,с.,SLS15,000565430,Силистра,BG325
65629,Светослав,с.,HKV30,000904261,Хасково,BG422
65632,Светославци,с.,VTR13,000133762,Велико Търново,BG321
65646,Светулка,с.,KRZ02,000235750,Кърджали,BG425
65650,Свещари,с.,RAZ14,000505821,Разград,BG324
65663,Свидня,с.,SFO43,000776502,София,BG412
65677,Свиленград,гр.,HKV28,000903825,Хасково,BG422
65680,Свинарски дол,с.,GAB05,000215630,Габрово,BG322
65704,Свирачи,с.,HKV11,000235870,Хасково,BG422
65721,Свирково,с.,HKV29,000903729,Хасково,BG422
65735,Свирци,с.,GAB35,000215946,Габрово,BG322
65752,Свирчово,с.,TGV02,000875557,Търговище,BG334
65766,Свищов,гр.,VTR28,000133965,Велико Търново,BG321
65783,Свобода,с.,BGS08,000057001,Бургас,BG341
65797,Свобода,с.,KRZ21,000235984,Кърджали,BG425
65807,Свобода,с.,PAZ32,000351864,Пазарджик,BG423
65810,Свобода,с.,SZR36,000818086,Стара Загора,BG344
65824,Свобода,с.,DOB15,000852188,Добрич,BG332
65838,Свободен,с.,SZR27,000817956,Стара Загора,BG344
65841,Свободиново,с.,KRZ35,000236164,Кърджали,BG425
65855,Свободица,с.,TGV02,000875557,Търговище,BG334
65869,Своге,гр.,SFO43,000776502,София,BG412
65872,Своде,с.,SFO34,000776477,София,BG412
65886,Севар,с.,RAZ16,000505846,Разград,BG324
65890,Севдалина,с.,KRZ16,000235920,Кърджали,BG425
65906,Северняк,с.,DOB20,000852754,Добрич,BG332
65913,Северци,с.,DOB20,000852754,Добрич,BG332
65927,Севлиево,гр.,GAB29,000215889,Габрово,BG322
65930,Седелец,с.,BLG49,000024713,Благоевград,BG413
65944,Седефче,с.,KRZ21,000235984,Кърджали,BG425
65958,Седларево,с.,SLV11,000590540,Сливен,BG342
65961,Седлари,с.,KRZ21,000235984,Кърджали,BG425
65975,Седловина,с.,KRZ16,000235920,Кърджали,BG425
65989,Седянковци,с.,GAB05,000215630,Габрово,BG322
65992,Сейдол,с.,RAZ17,000505853,Разград,BG324
66007,Сейковци,с.,GAB05,000215630,Габрово,BG322
66010,Сеймените,с.,VTR04,000133634,Велико Търново,BG321
66024,Секирка,с.,KRZ14,000235888,Кърджали,BG425
66038,Секулово,с.,SLS10,000565416,Силистра,BG325
66041,Селиминово,с.,SLV20,000590654,Сливен,BG342
66055,Селище,с.,BLG03,000024695,Благоевград,BG413
66069,Селище,с.,SML31,000615118,Смолян,BG424
66072,Селищен дол,с.,PER32,000386751,Перник,BG414
66086,Селска поляна,с.,HKV18,000903693,Хасково,BG422
66103,Селце,с.,SZR22,000817867,Стара Загора,BG344
66113,Селце,с.,DOB17,000852697,Добрич,BG332
66127,Селци,с.,PDV28,000471582,Пловдив,BG421
66130,Селча,с.,SML09,000614895,Смолян,BG424
66144,Селянин,с.,SFO20,000776299,София,BG412
66158,Семерджиево,с.,RSE27,000530632,Русе,BG323
66161,Семерджиите,с.,GAB05,000215630,Габрово,BG322
66175,Семерци,с.,TGV02,000875557,Търговище,BG334
66189,Семковци,с.,VTR04,000133634,Велико Търново,BG321
66202,Семчиново,с.,PAZ29,000351825,Пазарджик,BG423
66216,Сенник,с.,GAB29,000215889,Габрово,BG322
66229,Сеново,гр.,RSE05,000530504,Русе,BG323
66233,Сеноклас,с.,HKV18,000903693,Хасково,BG422
66247,Сенокос,с.,BLG44,000024987,Благоевград,BG413
66250,Сенокос,с.,DOB03,000852544,Добрич,BG332
66264,Септември,гр.,PAZ29,000351825,Пазарджик,BG423
66278,Септемврийци,с.,VID16,000159554,Видин,BG311
66281,Септемврийци,с.,DOB17,000852697,Добрич,BG332
66295,Сеслав,с.,RAZ16,000505846,Разград,BG324
66319,Сестримо,с.,PAZ04,000351558,Пазарджик,BG423
66322,Богородица,с.,BLG33,000024916,Благоевград,BG413
66336,Сестринско,с.,KRZ16,000235920,Кърджали,BG425
66344,Сечен камък,с.,GAB35,000215946,Габрово,BG322
66353,Сечище,с.,SHU22,000931575,Шумен,BG333
66370,Сива река,с.,HKV28,000903825,Хасково,BG422
66384,Сивино,с.,SML31,000615118,Смолян,BG424
66398,Сив кладенец,с.,HKV11,000235870,Хасково,BG422
66408,Сигмен,с.,BGS09,000057026,Бургас,BG341
66411,Силен,с.,HKV30,000904261,Хасково,BG422
66425,Силистра,гр.,SLS31,000565537,Силистра,BG325
66439,Симеоновец,с.,PAZ29,000351825,Пазарджик,BG423
66442,Цар Симеоново,с.,VID09,000159508,Видин,BG311
66456,Симеоново,с.,JAM25,000970457,Ямбол,BG343
66460,Симитли,гр.,BLG44,000024987,Благоевград,BG413
66473,Синаговци,с.,VID09,000159508,Видин,BG311
66487,Синапово,с.,HKV32,000970464,Хасково,BG422
66490,Синдел,с.,VAR01,000093378,Варна,BG331
66500,Синделци,с.,KRZ21,000235984,Кърджали,BG425
66528,Синеморец,с.,BGS13,000057097,Бургас,BG341
66531,Сини вир,с.,SHU18,000931881,Шумен,BG333
66545,Синигер,с.,KRZ15,000235913,Кърджали,BG425
66559,Синитово,с.,PAZ19,000351736,Пазарджик,BG423
66562,Синчец,с.,KRZ02,000235750,Кърджали,BG425
66576,Синьо бърдо,с.,VRC32,000193460,Враца,BG313
66585,Синьо камене,с.,BGS06,000056878,Бургас,BG341
66593,Синя вода,с.,RAZ17,000505853,Разград,BG324
66603,Сипей,с.,KRZ16,000235920,Кърджали,BG425
66617,Сираково,с.,VRC05,000193065,Враца,BG313
66620,Сираково,с.,DOB12,000852633,Добрич,BG332
66634,Сираково,с.,HKV19,000903743,Хасково,BG422
66648,Сирищник,с.,PER22,000386694,Перник,BG414
66651,Ситово,с.,PDV26,000472200,Пловдив,BG421
66665,Ситово,с.,SLS32,000565544,Силистра,BG325
66679,Ситово,с.,JAM03,000970051,Ямбол,BG343
66682,Скала,с.,BGS23,000057250,Бургас,BG341
66696,Скала,с.,SLS10,000565416,Силистра,BG325
66706,Скалак,с.,BGS18,000057211,Бургас,BG341
66716,Скалак,с.,KRZ15,000235913,Кърджали,BG425
66723,Скалина,с.,KRZ08,000235831,Кърджали,BG425
66737,Скалица,с.,JAM25,000970457,Ямбол,BG343
66740,Скалище,с.,KRZ16,000235920,Кърджали,BG425
66754,Скална глава,с.,KRZ16,000235920,Кърджали,BG425
66768,Скалско,с.,GAB12,000215729,Габрово,BG322
66771,Скандалото,с.,LOV02,000291627,Ловеч,BG315
66785,Склаве,с.,BLG40,000024955,Благоевград,BG413
66799,Скобелево,с.,LOV18,000291591,Ловеч,BG315
66809,Скобелево,с.,PDV26,000472200,Пловдив,BG421
66812,Скобелево,с.,SLV20,000590654,Сливен,BG342
66826,Скобелево,с.,SZR24,000817931,Стара Загора,BG344
66831,Скобелево,с.,HKV09,000903533,Хасково,BG422
66843,Скомля,с.,VID16,000159554,Видин,BG311
66857,Скорците,с.,GAB35,000215946,Габрово,BG322
66860,Скравена,с.,SFO07,000776089,София,BG412
66874,Скребатно,с.,BLG13,000024752,Благоевград,BG413
66888,Скрино,с.,KNL05,000261370,Кюстендил,BG415
66891,Скриняно,с.,KNL29,000261517,Кюстендил,BG415
66901,Скрът,с.,BLG33,000024916,Благоевград,BG413
66915,Скутаре,с.,PDV17,000472182,Пловдив,BG421
66929,Скърбино,с.,KRZ16,000235920,Кърджали,BG425
66932,Славеево,с.,HKV11,000235870,Хасково,BG422
66946,Славеево,с.,DOB15,000852188,Добрич,BG332
66957,Славейно,с.,SML31,000615118,Смолян,BG424
66963,Славейково,с.,VAR24,000093638,Варна,BG331
66977,Славейково,с.,GAB12,000215729,Габрово,BG322
66980,Славейково,с.,JAM07,000970165,Ямбол,BG343
67009,Славовица,с.,PAZ29,000351825,Пазарджик,BG423
67012,Славовица,с.,PVN10,000413725,Плевен,BG314
67043,Славотин,с.,MON29,000320872,Монтана,BG312
67057,Славщица,с.,LOV36,000291716,Ловеч,BG315
67060,Славяни,с.,LOV18,000291591,Ловеч,BG315
67074,Славянин,с.,SZR04,000817568,Стара Загора,BG344
67088,Славяново,гр.,PVN24,000413974,Плевен,BG314
67091,Славяново,с.,TGV24,000875856,Търговище,BG334
67101,Славяново,с.,HKV33,000903939,Хасково,BG422
67115,Славянци,с.,BGS23,000057250,Бургас,BG341
67129,Сладка вода,с.,VAR16,000093524,Варна,BG331
67132,Сладкодум,с.,KRZ15,000235913,Кърджали,BG425
67146,Сладун,с.,HKV28,000903825,Хасково,BG422
67154,Сладък кладенец,с.,SZR31,000818022,Стара Загора,BG344
67163,Слаковци,с.,PER08,000386559,Перник,BG414
67177,Сламино,с.,JAM25,000970457,Ямбол,BG343
67180,Слана бара,с.,VID09,000159508,Видин,BG311
67194,Сланотрън,с.,VID09,000159508,Видин,BG311
67218,Слатина,с.,LOV18,000291591,Ловеч,BG315
67221,Слатина,с.,MON02,000320559,Монтана,BG312
67235,Слатина,с.,PDV13,000471365,Пловдив,BG421
67249,Слатина,с.,SLS32,000565544,Силистра,BG325
67252,Слатино,с.,KNL05,000261370,Кюстендил,BG415
67266,Слатино,с.,PER22,000386694,Перник,BG414
67270,Слащен,с.,BLG42,000024962,Благоевград,BG413
67283,Сливак,с.,SHU11,000931422,Шумен,BG333
67297,Сливарка,с.,KRZ15,000235913,Кърджали,BG425
67307,Сливарово,с.,BGS12,000057086,Бургас,BG341
67310,Сливата,с.,MON24,000320840,Монтана,BG312
67324,Сливек,с.,LOV18,000291591,Ловеч,BG315
67338,Сливен,гр.,SLV20,000590654,Сливен,BG342
67341,Сливито,с.,SZR22,000817867,Стара Загора,BG344
67355,Сливка,с.,SML02,000614952,Смолян,BG424
67369,Сливница,с.,BLG28,000024720,Благоевград,BG413
67372,Сливница,гр.,SFO45,000776517,София,BG412
67386,Сливовик,с.,MON26,000320865,Монтана,BG312
67395,Сливовица,с.,VTR14,000133778,Велико Търново,BG321
67400,Сливовник,с.,VID01,000159458,Видин,BG311
67413,Сливово,с.,BGS06,000056878,Бургас,BG341
67427,Сливово,с.,GAB35,000215946,Габрово,BG322
67430,Сливово,с.,SML31,000615118,Смолян,BG424
67444,Сливо поле,гр.,RSE33,000530657,Русе,BG323
67458,Слишовци,с.,PER51,000386790,Перник,BG414
67461,Слокощица,с.,KNL29,000261517,Кюстендил,BG415
67475,Сломер,с.,VTR22,000133901,Велико Търново,BG321
67489,Слънчево,с.,VAR02,000093385,Варна,BG331
67492,Слънчовец,с.,TGV02,000875557,Търговище,BG334
67502,Слънчоглед,с.,KRZ08,000235831,Кърджали,BG425
67516,Смилец,с.,PAZ32,000351864,Пазарджик,BG423
67526,Смилец,с.,SLS31,000565537,Силистра,BG325
67533,Смиловци,с.,GAB05,000215630,Габрово,BG322
67547,Смилян,с.,SML31,000615118,Смолян,BG424
67550,Смин,с.,DOB29,000852957,Добрич,BG332
67564,Смирненски,с.,MON07,000320580,Монтана,BG312
67578,Смирненски,с.,RSE05,000530504,Русе,BG323
67581,Смирненци,с.,HKV33,000903939,Хасково,BG422
67595,Смиров дол,с.,PER19,000386662,Перник,BG414
67619,Смоличано,с.,KNL31,000261541,Кюстендил,BG415
67622,Смолница,с.,DOB15,000852188,Добрич,BG332
67636,Смолско,с.,SFO56,000777248,София,BG412
67641,Смолча,с.,SFO09,000776160,София,BG412
67653,Смолян,гр.,SML31,000615118,Смолян,BG424
67667,Смоляновци,с.,MON29,000320872,Монтана,BG312
67670,Смочан,с.,LOV18,000291591,Ловеч,BG315
67698,Смочево,с.,KNL38,000261598,Кюстендил,BG415
67708,Смядово,гр.,SHU25,000931657,Шумен,BG333
67725,Снежа,с.,BGS18,000057211,Бургас,BG341
67739,Снежина,с.,VAR24,000093638,Варна,BG331
67742,Снежинка,с.,KRZ16,000235920,Кърджали,BG425
67756,Сноп,с.,DOB12,000852633,Добрич,BG332
67767,Снягово,с.,BGS18,000057211,Бургас,BG341
67773,Снягово,с.,DOB12,000852633,Добрич,BG332
67787,Совата,с.,VTR28,000133965,Велико Търново,BG321
67790,Соволяно,с.,KNL29,000261517,Кюстендил,BG415
67800,Созопол,гр.,BGS21,000057236,Бургас,BG341
67828,Сокол,с.,SLS07,000565380,Силистра,BG325
67831,Сокол,с.,SLV16,000590597,Сливен,BG342
67845,Соколаре,с.,VRC08,000193058,Враца,BG313
67859,Соколарци,с.,SLV11,000590540,Сливен,BG342
67862,Соколенци,с.,HKV11,000235870,Хасково,BG422
67876,Соколец,с.,BGS18,000057211,Бургас,BG341
67882,Соколино,с.,KRZ21,000235984,Кърджали,BG425
67893,Соколите,с.,KRZ35,000236164,Кърджали,BG425
67903,Соколица,с.,PDV13,000471365,Пловдив,BG421
67917,Соколник,с.,DOB15,000852188,Добрич,BG332
67920,Соколово,с.,BGS09,000057026,Бургас,BG341
67934,Соколово,с.,GAB12,000215729,Габрово,BG322
67948,Соколово,с.,LOV18,000291591,Ловеч,BG315
67951,Соколово,с.,DOB03,000852544,Добрич,BG332
67965,Соколовци,с.,SML31,000615118,Смолян,BG424
67979,Соколско,с.,KRZ16,000235920,Кърджали,BG425
67982,Соколяне,с.,KRZ16,000235920,Кърджали,BG425
67996,Солари,с.,GAB05,000215630,Габрово,BG322
68000,Солища,с.,SML31,000615118,Смолян,BG424
68014,Солище,с.,KRZ16,000235920,Кърджали,BG425
68028,Солник,с.,VAR13,000093517,Варна,BG331
68045,Сомовит,с.,PVN08,000413691,Плевен,BG314
68059,Сопица,с.,PER08,000386559,Перник,BG414
68062,Сопово,с.,KNL05,000261370,Кюстендил,BG415
68076,Сопот,с.,LOV36,000291716,Ловеч,BG315
68080,Сопот,гр.,PDV43,115816423,Пловдив,BG421
68093,Сопотот,с.,SML27,000615075,Смолян,BG424
68103,Полковник Иваново,с.,DOB15,000852188,Добрич,BG332
68117,Сотиря,с.,SLV20,000590654,Сливен,BG342
68120,Софийци,с.,KRZ08,000235831,Кърджали,BG425
68134,София,гр.,SOF46,000696327,София (столица),BG411
68148,Софрониево,с.,VRC28,000193088,Враца,BG313
68165,Спанци,с.,GAB05,000215630,Габрово,BG322
68179,Спанчевци,с.,MON12,000320655,Монтана,BG312
68182,Спасово,с.,SZR36,000818086,Стара Загора,BG344
68196,Спасово,с.,DOB12,000852633,Добрич,BG332
68210,Спасовци,с.,GAB05,000215630,Габрово,BG322
68223,Спатово,с.,BLG40,000024955,Благоевград,BG413
68237,Спахиево,с.,HKV19,000903743,Хасково,BG422
68240,Сполука,с.,KRZ02,000235750,Кърджали,BG425
68254,Срацимир,с.,SLS31,000565537,Силистра,BG325
68268,Срацимирово,с.,VID15,000159531,Видин,BG311
68271,Сребриново,с.,PAZ20,000351743,Пазарджик,BG423
68299,Сребърна,с.,SLS31,000565537,Силистра,BG325
68309,Средец,с.,SML18,000615043,Смолян,BG424
68312,Средец,с.,SZR23,000817917,Стара Загора,BG344
68326,Средина,с.,DOB12,000852633,Добрич,BG332
68336,Срединка,с.,KRZ16,000235920,Кърджали,BG425
68357,Средище,с.,SLS15,000565430,Силистра,BG325
68388,Средковец,с.,SHU18,000931881,Шумен,BG333
68401,Средна махала,с.,BGS18,000057211,Бургас,BG341
68415,Среднево,с.,KRZ35,000236164,Кърджали,BG425
68429,Средни колиби,с.,VTR13,000133762,Велико Търново,BG321
68432,Средни рът,с.,VRC32,000193460,Враца,BG313
68446,Средногорово,с.,SZR12,000817778,Стара Загора,BG344
68451,Средногорци,с.,SML16,000614984,Смолян,BG424
68463,Средно градище,с.,SZR36,000818086,Стара Загора,BG344
68480,Средно село,с.,VAR08,000093458,Варна,BG331
68494,Средно село,с.,VTR14,000133778,Велико Търново,BG321
68504,Средня,с.,SHU30,000931721,Шумен,BG333
68518,Средогрив,с.,VID37,000159700,Видин,BG311
68521,Средок,с.,SML31,000615118,Смолян,BG424
68535,Средорек,с.,KNL50,000261655,Кюстендил,BG415
68549,Средорек,с.,SLV20,000590654,Сливен,BG342
68552,Средоселци,с.,RAZ14,000505821,Разград,BG324
68566,Средска,с.,KRZ35,000236164,Кърджали,BG425
68577,Средско,с.,KRZ14,000235888,Кърджали,BG425
68583,Срем,с.,HKV32,000970464,Хасково,BG422
68597,Срънско,с.,KRZ02,000235750,Кърджали,BG425
68607,Ставерци,с.,PVN10,000413725,Плевен,BG314
68610,Стаевци,с.,DOB29,000852957,Добрич,BG332
68624,Стайновци,с.,GAB35,000215946,Габрово,BG322
68638,Стайчин дол,с.,SML16,000614984,Смолян,BG424
68641,Стайчовци,с.,PER51,000386790,Перник,BG414
68655,Стакевци,с.,VID01,000159458,Видин,BG311
68669,Сталево,с.,HKV09,000903533,Хасково,BG422
68672,Сталийска махала,с.,MON24,000320840,Монтана,BG312
68692,Стамболийски,с.,HKV34,000903946,Хасково,BG422
68708,Стамболово,с.,VTR22,000133901,Велико Търново,BG321
68713,Стамболово,с.,RSE33,000530657,Русе,BG323
68727,Стамболово,с.,HKV30,000904261,Хасково,BG422
68730,Хан Аспарухово,с.,SZR31,000818022,Стара Загора,BG344
68744,Стан,с.,SHU22,000931575,Шумен,BG333
68758,Станево,с.,MON24,000320840,Монтана,BG312
68761,Станец,с.,TGV22,000875817,Търговище,BG334
68775,Станинци,с.,SFO09,000776160,София,BG412
68789,Дупница,гр.,KNL48,000261630,Кюстендил,BG415
68792,Логодаж,с.,BLG03,000024695,Благоевград,BG413
68802,Становец,с.,SHU11,000931422,Шумен,BG333
68816,Станча,с.,GAB12,000215729,Габрово,BG322
68823,Станчов хан,с.,GAB35,000215946,Габрово,BG322
68833,Станьовци,с.,PER08,000386559,Перник,BG414
68847,Станянци,с.,SHU10,000931415,Шумен,BG333
68850,Стара Загора,гр.,SZR31,000818022,Стара Загора,BG344
68864,Стара река,с.,SLV20,000590654,Сливен,BG342
68878,Стара река,с.,JAM25,000970457,Ямбол,BG343
68881,Стара речка,с.,TGV02,000875557,Търговище,BG334
68895,Старейшино,с.,KRZ14,000235888,Кърджали,BG425
68919,Старилковци,с.,GAB05,000215630,Габрово,BG322
68936,Стари чал,с.,KRZ15,000235913,Кърджали,BG425
68953,Старово,с.,KRZ14,000235888,Кърджали,BG425
68967,Старо Железаре,с.,PDV37,000471671,Пловдив,BG421
68970,Старозагорски бани,с.,SZR31,000818022,Стара Загора,BG344
68984,Старо място,с.,KRZ16,000235920,Кърджали,BG425
68998,Старо Оряхово,с.,VAR13,000093517,Варна,BG331
69002,Старопатица,с.,VID22,000159629,Видин,BG311
69016,Старосел,с.,PDV37,000471671,Пловдив,BG421
69020,Староселец,с.,VAR24,000093638,Варна,BG331
69047,Старо селище,с.,RAZ14,000505821,Разград,BG324
69050,Старо село,с.,VRC27,000193371,Враца,BG313
69064,Старо село,с.,PER36,000386776,Перник,BG414
69078,Старо село,с.,SLS34,000565626,Силистра,BG325
69081,Старо село,с.,SLV20,000590654,Сливен,BG342
69095,Староселци,с.,PVN23,000413942,Плевен,BG314
69105,Старцево,с.,SML11,000614938,Смолян,BG424
69119,Старчево,с.,BLG33,000024916,Благоевград,BG413
69122,Стар читак,с.,KRZ02,000235750,Кърджали,BG425
69136,Старчище,с.,TGV02,000875557,Търговище,BG334
69146,Стеврек,с.,TGV02,000875557,Търговище,BG334
69153,Стежерово,с.,PVN16,000413814,Плевен,BG314
69167,Стенско,с.,KNL29,000261517,Кюстендил,BG415
69170,Стефан Караджа,с.,VAR09,000093474,Варна,BG331
69184,Стефан Караджа,с.,SLS07,000565380,Силистра,BG325
69198,Стефан Караджа,с.,DOB15,000852188,Добрич,BG332
69208,Стефан Караджово,с.,JAM03,000970051,Ямбол,BG343
69211,Стефаново,с.,GAB05,000215630,Габрово,BG322
69225,Стефаново,с.,LOV18,000291591,Ловеч,BG315
69239,Стефаново,с.,PER36,000386776,Перник,BG414
69242,Стефаново,с.,DOB15,000852188,Добрич,BG332
69256,Стикъл,с.,SML31,000615118,Смолян,BG424
69261,Стоб,с.,KNL27,000261491,Кюстендил,BG415
69273,Стоево,с.,PDV01,000471059,Пловдив,BG421
69287,Стоевци,с.,GAB05,000215630,Габрово,BG322
69290,Стожа,с.,BLG40,000024955,Благоевград,BG413
69300,Стожер,с.,DOB15,000852188,Добрич,BG332
69314,Стоил войвода,с.,SLV16,000590597,Сливен,BG342
69328,Стоилово,с.,BGS12,000057086,Бургас,BG341
69345,Стойките,с.,SML31,000615118,Смолян,BG424
69359,Стойково,с.,HKV34,000903946,Хасково,BG422
69376,Стойново,с.,TGV02,000875557,Търговище,BG334
69393,Стойчевци,с.,VTR13,000133762,Велико Търново,BG321
69403,Стойчовци,с.,GAB05,000215630,Габрово,BG322
69417,Стоките,с.,GAB29,000215889,Габрово,BG322
69420,Столетово,с.,PDV13,000471365,Пловдив,BG421
69434,Столетово,с.,SZR23,000817917,Стара Загора,BG344
69448,Столник,с.,SFO17,000776242,София,BG412
69451,Столът,с.,GAB29,000215889,Габрово,BG322
69465,Стоманево,с.,SML09,000614895,Смолян,BG424
69479,Стоманеците,с.,GAB05,000215630,Габрово,BG322
69482,Стоманци,с.,KRZ14,000235888,Кърджали,BG425
69496,Стоян-Заимово,с.,SZR36,000818086,Стара Загора,BG344
69506,Стоян Михайловски,с.,SHU22,000931575,Шумен,BG333
69518,Стояново,с.,KRZ02,000235750,Кърджали,BG425
69523,Радювене,с.,LOV18,000291591,Ловеч,BG315
69537,Стояново,с.,MON12,000320655,Монтана,BG312
69540,Стояновци,с.,VTR13,000133762,Велико Търново,BG321
69554,Стояновци,с.,VRC32,000193460,Враца,BG313
69571,Страдалово,с.,KNL31,000261541,Кюстендил,BG415
69585,Стража,с.,SML31,000615118,Смолян,BG424
69599,Стража,с.,TGV35,000875920,Търговище,BG334
69609,Стражата,с.,GAB35,000215946,Габрово,BG322
69612,Стражевци,с.,KRZ16,000235920,Кърджали,BG425
69633,Стражица,гр.,VTR31,000133972,Велико Търново,BG321
69643,Стражица,с.,DOB03,000852544,Добрич,BG332
69657,Стражница,с.,KRZ35,000236164,Кърджали,BG425
69660,Стралджа,гр.,JAM22,000970432,Ямбол,BG343
69674,Странджа,с.,JAM03,000970051,Ямбол,BG343
69688,Странджево,с.,KRZ15,000235913,Кърджали,BG425
69691,Странско,с.,HKV09,000903533,Хасково,BG422
69701,Страхил,с.,VAR09,000093474,Варна,BG331
69715,Страхил войвода,с.,KRZ16,000235920,Кърджали,BG425
69729,Страхилица,с.,SHU07,000931397,Шумен,BG333
69732,Страхилово,с.,VTR26,000133933,Велико Търново,BG321
69746,Страцин,с.,BGS17,000057179,Бургас,BG341
69759,Страшимир,с.,SML11,000614938,Смолян,BG424
69763,Страшимирово,с.,VAR04,000093403,Варна,BG331
69777,Стрезимировци,с.,PER51,000386790,Перник,BG414
69780,Стрелец,с.,VTR06,000133673,Велико Търново,BG321
69794,Стрелец,с.,SZR31,000818022,Стара Загора,BG344
69804,Стрелково,с.,SLS15,000565430,Силистра,BG325
69818,Стрелци,с.,PDV07,000471123,Пловдив,BG421
69821,Стрелци,с.,SLV11,000590540,Сливен,BG342
69835,Стрелча,гр.,PAZ32,000351864,Пазарджик,BG423
69849,Стремово,с.,KRZ16,000235920,Кърджали,BG425
69852,Стремци,с.,KRZ16,000235920,Кърджали,BG425
69866,Стрижба,с.,KRZ14,000235888,Кърджали,BG425
69874,Строево,с.,PDV17,000472182,Пловдив,BG421
69883,Стройно,с.,JAM07,000970165,Ямбол,BG343
69897,Стройновци,с.,TGV02,000875557,Търговище,BG334
69910,Струиндол,с.,VID01,000159458,Видин,BG311
69924,Струино,с.,SHU30,000931721,Шумен,BG333
69938,Струма,с.,BLG40,000024955,Благоевград,BG413
69941,Струмешница,с.,BLG33,000024916,Благоевград,BG413
69969,Струмяни,с.,BLG49,000024713,Благоевград,BG413
69972,Струпец,с.,VRC32,000193460,Враца,BG313
69986,Струпец,с.,SLV20,000590654,Сливен,BG342
69990,Струя,с.,BGS18,000057211,Бургас,BG341
70007,Стръмци,с.,GAB35,000215946,Габрово,BG322
70010,Стряма,с.,PDV25,000471543,Пловдив,BG421
70024,Стубел,с.,MON29,000320872,Монтана,BG312
70038,Студена,с.,PER32,000386751,Перник,BG414
70041,Студена,с.,SML16,000614984,Смолян,BG424
70055,Студена,с.,HKV28,000903825,Хасково,BG422
70069,Студенец,с.,RAZ17,000505853,Разград,BG324
70072,Студенец,с.,SML38,000615164,Смолян,BG424
70086,Студен извор,с.,PER51,000386790,Перник,BG414
70099,Студеница,с.,SHU11,000931422,Шумен,BG333
70104,Студен кладенец,с.,KRZ15,000235913,Кърджали,BG425
70113,Студено буче,с.,MON29,000320872,Монтана,BG312
70127,Стъргел,с.,SFO10,000776178,София,BG412
70130,Стърмен,с.,RSE04,000530493,Русе,BG323
70158,Стърница,с.,SML02,000614952,Смолян,BG424
70175,Суворово,гр.,VAR26,000093684,Варна,BG331
70189,Сугарево,с.,BLG40,000024955,Благоевград,BG413
70202,Сулица,с.,SZR31,000818022,Стара Загора,BG344
70216,Султани,с.,VTR13,000133762,Велико Търново,BG321
70220,Царевци,с.,VAR01,000093378,Варна,BG331
70233,Сумер,с.,MON29,000320872,Монтана,BG312
70247,Сунгурларе,гр.,BGS23,000057250,Бургас,BG341
70250,Сусам,с.,HKV19,000903743,Хасково,BG422
70264,Суха река,с.,VTR04,000133634,Велико Търново,BG321
70278,Суха река,с.,SHU23,000931625,Шумен,BG333
70281,Сухаче,с.,PVN37,000414154,Плевен,BG314
70295,Сухиндол,гр.,VTR32,000133997,Велико Търново,BG321
70319,Сухово,с.,KRZ02,000235750,Кърджали,BG425
70322,Суходол,с.,BGS06,000056878,Бургас,BG341
70336,Суходол,с.,SLS07,000565380,Силистра,BG325
70353,Сухозем,с.,PDV12,000471340,Пловдив,BG421
70367,Сухолоевци,с.,GAB12,000215729,Габрово,BG322
70370,Сухострел,с.,BLG44,000024987,Благоевград,BG413
70384,Сушево,с.,RAZ11,000505814,Разград,BG324
70398,Сушина,с.,SHU10,000931415,Шумен,BG333
70408,Сушица,с.,VTR31,000133972,Велико Търново,BG321
70411,Сушица,с.,KNL50,000261655,Кюстендил,BG415
70439,Събковци,с.,VTR13,000133762,Велико Търново,BG321
70442,Съботковци,с.,GAB05,000215630,Габрово,BG322
70456,Събрано,с.,SLV16,000590597,Сливен,BG342
70473,Съдиево,с.,BGS01,000056764,Бургас,BG341
70487,Съдиево,с.,SLV16,000590597,Сливен,BG342
70490,Съдийско поле,с.,SLV16,000590597,Сливен,BG342
70500,Старо село,с.,LOV34,000291709,Ловеч,BG315
70514,Съединение,с.,BGS23,000057250,Бургас,BG341
70528,Съединение,гр.,PDV33,000471640,Пловдив,BG421
70531,Съединение,с.,SZR04,000817568,Стара Загора,BG344
70545,Съединение,с.,TGV35,000875920,Търговище,BG334
70559,Сърнак,с.,KRZ15,000235913,Кърджали,BG425
70562,Сърневец,с.,SZR04,000817568,Стара Загора,BG344
70576,Сърнево,с.,BGS09,000057026,Бургас,BG341
70586,Сърнево,с.,SZR27,000817956,Стара Загора,BG344
70593,Сърнегор,с.,PDV07,000471123,Пловдив,BG421
70603,Сърненци,с.,VTR04,000133634,Велико Търново,BG321
70617,Сърнец,с.,DOB27,000852925,Добрич,BG332
70620,Сърнино,с.,SML31,000615118,Смолян,BG424
70634,Сърнино,с.,DOB12,000852633,Добрич,BG332
70648,Сърница,гр.,PAZ39,176806228,Пазарджик,BG423
70651,Сърница,с.,HKV19,000903743,Хасково,BG422
70665,Сърпово,с.,SLS31,000565537,Силистра,BG325
70679,Сърцево,с.,SLV24,000590704,Сливен,BG342
70682,Сяново,с.,SLS34,000565626,Силистра,BG325
70696,Сяровци,с.,GAB12,000215729,Габрово,BG322
70706,Сярци,с.,KRZ21,000235984,Кърджали,BG425
70723,Селановци,с.,VRC31,000193414,Враца,BG313
70737,Сини връх,с.,PDV01,000471059,Пловдив,BG421
70768,Стойковци,с.,GAB05,000215630,Габрово,BG322
70771,Седларци,с.,KRZ02,000235750,Кърджали,BG425
70785,Сенце,с.,KRZ21,000235984,Кърджали,BG425
70799,Селище,с.,GAB29,000215889,Габрово,BG322
70809,Сипец,с.,KRZ08,000235831,Кърджали,BG425
70812,Сливенци,с.,DOB15,000852188,Добрич,BG332
70860,Стражец,с.,RAZ26,000505910,Разград,BG324
72014,Табан,с.,SFO16,000776235,София,BG412
72028,Табачка,с.,RSE13,000530536,Русе,BG323
72031,Табашка,с.,GAB29,000215889,Габрово,BG322
72045,Таваличево,с.,KNL29,000261517,Кюстендил,BG415
72059,Вълчаново,с.,BGS06,000056878,Бургас,BG341
72062,Таймище,с.,TGV02,000875557,Търговище,BG334
72076,Тамарино,с.,JAM22,000970432,Ямбол,BG343
72080,Смолник,с.,BGS09,000057026,Бургас,BG341
72093,Татарево,с.,PDV23,000471536,Пловдив,BG421
72103,Татарево,с.,HKV19,000903743,Хасково,BG422
72117,Татари,с.,PVN03,000413579,Плевен,BG314
72120,Татково,с.,KRZ16,000235920,Кърджали,BG425
72134,Татул,с.,KRZ21,000235984,Кърджали,BG425
72148,Твърдинци,с.,TGV35,000875920,Търговище,BG334
72151,Твърдица,с.,BGS04,000056814,Бургас,BG341
72165,Твърдица,гр.,SLV24,000590704,Сливен,BG342
72179,Твърдица,с.,DOB29,000852957,Добрич,BG332
72182,Текето,с.,HKV34,000903946,Хасково,BG422
72196,Телериг,с.,DOB20,000852754,Добрич,BG332
72206,Телиш,с.,PVN37,000414154,Плевен,BG314
72211,Телчарка,с.,KRZ08,000235831,Кърджали,BG425
72223,Батановци,гр.,PER32,000386751,Перник,BG414
72237,Теменуга,с.,VTR31,000133972,Велико Търново,BG321
72240,Тенево,с.,JAM25,000970457,Ямбол,BG343
72254,Тепава,с.,LOV18,000291591,Ловеч,BG315
72268,Теплен,с.,BLG52,000025014,Благоевград,BG413
72271,Тервел,гр.,DOB27,000852925,Добрич,BG332
72285,Тервел,с.,SHU11,000931422,Шумен,BG333
72299,Терзийско,с.,BGS23,000057250,Бургас,BG341
72309,Терзийско,с.,LOV34,000291709,Ловеч,BG315
72312,Терзиите,с.,VTR04,000133634,Велико Търново,BG321
72337,Тертер,с.,RAZ16,000505846,Разград,BG324
72343,Тетевен,гр.,LOV33,000291698,Ловеч,BG315
72357,Тетово,с.,RSE27,000530632,Русе,BG323
72360,Тешел,с.,SML09,000614895,Смолян,BG424
72374,Тешово,с.,BLG52,000025014,Благоевград,BG413
72391,Тикале,с.,SML31,000615118,Смолян,BG424
72401,Тимарево,с.,SHU11,000931422,Шумен,BG333
72429,Тинтява,с.,KRZ15,000235913,Кърджали,BG425
72432,Типченица,с.,VRC27,000193371,Враца,BG313
72446,Титевци,с.,VTR13,000133762,Велико Търново,BG321
72452,Тиховец,с.,TGV02,000875557,Търговище,BG334
72463,Тихомир,с.,KRZ14,000235888,Кърджали,BG425
72477,Тихомирово,с.,SZR27,000817956,Стара Загора,BG344
72480,Тича,с.,SLV11,000590540,Сливен,BG342
72494,Тишаново,с.,KNL31,000261541,Кюстендил,BG415
72504,Тишевица,с.,VRC10,000193115,Враца,BG313
72518,Тияновци,с.,VID06,000159489,Видин,BG311
72521,Тлачене,с.,VRC08,000193058,Враца,BG313
72535,Тодореците,с.,GAB35,000215946,Габрово,BG322
72549,Тодор Икономово,с.,SHU18,000931881,Шумен,BG333
72552,Тодоричене,с.,LOV19,000291602,Ловеч,BG315
72566,Тодорово,с.,PVN24,000413974,Плевен,BG314
72578,Тодорово,с.,RAZ14,000505821,Разград,BG324
72583,Тодоровци,с.,VTR04,000133634,Велико Търново,BG321
72597,Тодоровци,с.,GAB05,000215630,Габрово,BG322
72607,Тодювци,с.,VTR13,000133762,Велико Търново,BG321
72610,Токачка,с.,KRZ15,000235913,Кърджали,BG425
72624,Добрич,гр.,DOB28,000852932,Добрич,BG332
72638,Толовица,с.,VID25,000159636,Видин,BG311
72641,Томбето,с.,VTR13,000133762,Велико Търново,BG321
72655,Томпсън,с.,SFO43,000776502,София,BG412
72669,Томчевци,с.,GAB35,000215946,Габрово,BG322
72672,Тонско дабе,с.,BLG33,000024916,Благоевград,BG413
72693,Топола,с.,DOB17,000852697,Добрич,BG332
72709,Тополи,с.,VAR06,000093442,Варна,BG331
72713,Тополи дол,с.,PAZ19,000351736,Пазарджик,BG423
72727,Тополица,с.,BGS01,000056764,Бургас,BG341
72730,Тополка,с.,KRZ15,000235913,Кърджали,BG425
72744,Тополница,с.,BLG33,000024916,Благоевград,BG413
72758,Тополница,с.,KNL48,000261630,Кюстендил,BG415
72761,Тополовград,гр.,HKV32,000970464,Хасково,BG422
72775,Тополовец,с.,VID22,000159629,Видин,BG311
72789,Тополово,с.,PDV01,000471059,Пловдив,BG421
72792,Тополово,с.,HKV18,000903693,Хасково,BG422
72802,Тополчане,с.,KRZ16,000235920,Кърджали,BG425
72816,Тополчане,с.,SLV20,000590654,Сливен,BG342
72824,Тополяне,с.,SZR27,000817956,Стара Загора,BG344
72833,Топузево,с.,SLV11,000590540,Сливен,BG342
72847,Топузи,с.,VTR13,000133762,Велико Търново,BG321
72850,Топчии,с.,RAZ26,000505910,Разград,BG324
72864,Топчийско,с.,BGS18,000057211,Бургас,BG341
72878,Торбалъжите,с.,GAB05,000215630,Габрово,BG322
72881,Тотлебен,с.,PVN27,000413999,Плевен,BG314
72895,Точилари,с.,RAZ16,000505846,Разград,BG324
72919,Тошевци,с.,VID15,000159531,Видин,BG311
72922,Траве,с.,SML02,000614952,Смолян,BG424
72936,Травник,с.,DOB17,000852697,Добрич,BG332
72940,Трайково,с.,MON24,000320840,Монтана,BG312
72953,Тракиец,с.,HKV34,000903946,Хасково,BG422
72967,Тракийци,с.,BGS06,000056878,Бургас,BG341
72970,Тракия,с.,SZR23,000817917,Стара Загора,BG344
72998,Трапесковци,с.,GAB05,000215630,Габрово,BG322
73002,Трапище,с.,RAZ17,000505853,Разград,BG324
73016,Трапоклово,с.,SLV20,000590654,Сливен,BG342
73033,Требище,с.,SML31,000615118,Смолян,BG424
73047,Трекляно,с.,KNL50,000261655,Кюстендил,BG415
73050,Трем,с.,SHU11,000931422,Шумен,BG333
73078,Трескавец,с.,TGV02,000875557,Търговище,BG334
73081,Триводици,с.,PDV41,115245280,Пловдив,BG421
73095,Тригорци,с.,DOB03,000852544,Добрич,BG332
73105,Триград,с.,SML09,000614895,Смолян,BG424
73119,Три кладенци,с.,VRC10,000193115,Враца,BG313
73122,Трилистник,с.,PDV17,000472182,Пловдив,BG421
73136,Три могили,с.,KRZ16,000235920,Кърджали,BG425
73147,Три могили,с.,PDV01,000471059,Пловдив,BG421
73167,Трифоново,с.,MON29,000320872,Монтана,BG312
73170,Троица,с.,SHU23,000931625,Шумен,BG333
73184,Тросково,с.,BLG44,000024987,Благоевград,BG413
73198,Троян,гр.,LOV34,000291709,Ловеч,BG315
73208,Троян,с.,HKV29,000903729,Хасково,BG422
73211,Трояново,с.,BGS08,000057001,Бургас,BG341
73225,Трояново,с.,SZR27,000817956,Стара Загора,BG344
73242,Труд,с.,PDV17,000472182,Пловдив,BG421
73256,Трудовец,с.,SFO07,000776089,София,BG412
73262,Тръбач,с.,RAZ17,000505853,Разград,BG324
73273,Трън,гр.,PER51,000386790,Перник,BG414
73287,Трънак,с.,BGS18,000057211,Бургас,BG341
73290,Трънито,с.,GAB05,000215630,Габрово,BG322
73300,Тръница,с.,SHU22,000931575,Шумен,BG333
73314,Трънково,с.,SZR27,000817956,Стара Загора,BG344
73328,Трънково,с.,JAM07,000970165,Ямбол,BG343
73331,Трънковци,с.,VTR13,000133762,Велико Търново,BG321
73345,Трънчовица,с.,PVN16,000413814,Плевен,BG314
73359,Тръстеник,гр.,PVN10,000413725,Плевен,BG314
73362,Тръстеник,с.,RSE13,000530536,Русе,BG323
73376,Тръстика,с.,TGV24,000875856,Търговище,BG334
73388,Тръстиково,с.,BGS08,000057001,Бургас,BG341
73393,Тръстиково,с.,VAR01,000093378,Варна,BG331
73403,Трявна,гр.,GAB35,000215946,Габрово,BG322
73417,Туден,с.,SFO09,000776160,София,BG412
73420,Тулово,с.,SZR22,000817867,Стара Загора,BG344
73434,Тумбалово,с.,GAB29,000215889,Габрово,BG322
73448,Тумбевци,с.,VTR13,000133762,Велико Търново,BG321
73451,Турия,с.,SZR24,000817931,Стара Загора,BG344
73465,Туркинча,с.,GAB12,000215729,Габрово,BG322
73479,Туроковци,с.,PER51,000386790,Перник,BG414
73482,Турян,с.,SML31,000615118,Смолян,BG424
73496,Тутракан,гр.,SLS34,000565626,Силистра,BG325
73506,Тутраканци,с.,VAR24,000093638,Варна,BG331
73519,Туховища,с.,BLG42,000024962,Благоевград,BG413
73523,Тученица,с.,PVN24,000413974,Плевен,BG314
73537,Тушовица,с.,SHU10,000931415,Шумен,BG333
73540,Тъжа,с.,SZR24,000817931,Стара Загора,BG344
73554,Тъкач,с.,SHU18,000931881,Шумен,BG333
73568,Тънки рът,с.,VTR13,000133762,Велико Търново,BG321
73571,Тънково,с.,BGS15,000057122,Бургас,BG341
73585,Тънково,с.,HKV30,000904261,Хасково,BG422
73599,Тънкото,с.,SML16,000614984,Смолян,BG424
73609,Тъпчилещово,с.,TGV22,000875817,Търговище,BG334
73612,Търговище,с.,VID37,000159700,Видин,BG311
73626,Търговище,гр.,TGV35,000875920,Търговище,BG334
73634,Търкашени,с.,VTR13,000133762,Велико Търново,BG321
73643,Търнава,с.,VRC08,000193058,Враца,BG313
73657,Търнава,с.,JAM25,000970457,Ямбол,BG343
73660,Търнак,с.,VRC08,000193058,Враца,BG313
73674,Търнене,с.,PVN24,000413974,Плевен,BG314
73688,Търничени,с.,SZR24,000817931,Стара Загора,BG344
73691,Търновлаг,с.,KNL29,000261517,Кюстендил,BG415
73701,Търновца,с.,TGV35,000875920,Търговище,BG334
73715,Търновци,с.,KRZ08,000235831,Кърджали,BG425
73729,Търновци,с.,SLS34,000565626,Силистра,BG325
73732,Търносливка,с.,KRZ02,000235750,Кърджали,BG425
73746,Търняне,с.,VID09,000159508,Видин,BG311
73750,Търсино,с.,KNL29,000261517,Кюстендил,BG415
73763,Търхово,с.,GAB29,000215889,Габрово,BG322
73777,Търън,с.,SML31,000615118,Смолян,BG424
73780,Тюленово,с.,DOB29,000852957,Добрич,BG332
73794,Тюркмен,с.,PDV07,000471123,Пловдив,BG421
73804,Тютюнче,с.,KRZ08,000235831,Кърджали,BG425
73818,Тянево,с.,DOB15,000852188,Добрич,BG332
73821,Тянево,с.,HKV29,000903729,Хасково,BG422
73883,Тънка бара,с.,SML18,000615043,Смолян,BG424
73897,Търна,с.,KRZ02,000235750,Кърджали,BG425
73924,Тополовец,с.,VID33,000159682,Видин,BG311
75013,Угледно,с.,TGV22,000875817,Търговище,BG334
75023,Углярци,с.,PER36,000386776,Перник,BG414
75037,Угорелец,с.,GAB29,000215889,Габрово,BG322
75040,Угорялковци,с.,VTR13,000133762,Велико Търново,BG321
75054,Угърчин,гр.,LOV36,000291716,Ловеч,BG315
75068,Узово,с.,DOB12,000852633,Добрич,BG332
75085,Узунджово,с.,HKV34,000903946,Хасково,BG422
75099,Узуните,с.,GAB05,000215630,Габрово,BG322
75112,Умаревци,с.,LOV18,000291591,Ловеч,BG315
75139,Урвата,с.,GAB35,000215946,Габрово,BG322
75143,Уровене,с.,VRC21,000193282,Враца,BG313
75157,Уручевци,с.,SML16,000614984,Смолян,BG424
75174,Усойка,с.,KNL05,000261370,Кюстендил,BG415
75188,Устина,с.,PDV26,000472200,Пловдив,BG421
75191,Устрем,с.,HKV32,000970464,Хасково,BG422
75201,Устрен,с.,KRZ08,000235831,Кърджали,BG425
75215,Ухловица,с.,SML31,000615118,Смолян,BG424
75229,Ушевци,с.,VTR04,000133634,Велико Търново,BG321
75232,Уши,с.,KNL50,000261655,Кюстендил,BG415
75246,Ушинци,с.,RAZ26,000505910,Разград,BG324
75254,Узуново,с.,PDV01,000471059,Пловдив,BG421
76025,Фазаново,с.,BGS13,000057097,Бургас,BG341
76039,Факия,с.,BGS06,000056878,Бургас,BG341
76042,Фатово,с.,SML31,000615118,Смолян,BG424
76056,Велислав,с.,BGS23,000057250,Бургас,BG341
76064,Фелдфебел Денково,с.,DOB15,000852188,Добрич,BG332
76073,Филаретово,с.,SLV11,000590540,Сливен,BG342
76087,Върбица,с.,HKV09,000903533,Хасково,BG422
76090,Филипово,с.,BLG01,000024663,Благоевград,BG413
76100,Филипово,с.,HKV32,000970464,Хасково,BG422
76114,Филиповци,с.,PER51,000386790,Перник,BG414
76145,Флорентин,с.,VID30,000159643,Видин,BG311
76159,Фотиново,с.,KRZ14,000235888,Кърджали,BG425
76162,Фотиново,с.,PAZ03,000351540,Пазарджик,BG423
76180,Фролош,с.,KNL27,000261491,Кюстендил,BG415
76193,Фурен,с.,VRC21,000193282,Враца,BG313
76203,Фъргово,с.,BLG42,000024962,Благоевград,BG413
76217,Фърговци,с.,GAB05,000215630,Габрово,BG322
76220,Фъревци,с.,GAB35,000215946,Габрово,BG322
76234,Фъртуни,с.,GAB35,000215946,Габрово,BG322
77013,Хаджидимитрово,с.,VTR28,000133965,Велико Търново,BG321
77027,Хаджидимитрово,с.,SZR12,000817778,Стара Загора,BG344
77030,Хаджидимитрово,с.,JAM25,000970457,Ямбол,BG343
77044,Хаджи Димитър,с.,DOB17,000852697,Добрич,BG332
77058,Хаджидимово,гр.,BLG52,000025014,Благоевград,BG413
77061,Хаджиево,с.,PAZ19,000351736,Пазарджик,BG423
77089,Хаджиите,с.,BGS09,000057026,Бургас,BG341
77092,Хаджийско,с.,KRZ14,000235888,Кърджали,BG425
77102,Хайредин,с.,VRC35,000193551,Враца,BG313
77116,Брезен,с.,KRZ02,000235750,Кърджали,BG425
77120,Халваджийско,с.,TGV02,000875557,Търговище,BG334
77150,Ханово,с.,JAM25,000970457,Ямбол,BG343
77164,Харачерите,с.,GAB05,000215630,Габрово,BG322
77178,Харваловци,с.,VTR13,000133762,Велико Търново,BG321
77181,Харманли,гр.,HKV33,000903939,Хасково,BG422
77195,Хасково,гр.,HKV34,000903946,Хасково,BG422
77205,Хасовица,с.,SML31,000615118,Смолян,BG424
77219,Хвойна,с.,SML38,000615164,Смолян,BG424
77222,Хвостяне,с.,BLG13,000024752,Благоевград,BG413
77236,Хвърчил,с.,SFO56,000777248,София,BG412
77246,Хераково,с.,SFO06,000776071,София,BG412
77253,Хирево,с.,GAB29,000215889,Габрово,BG322
77267,Хисар,с.,KRZ15,000235913,Кърджали,BG425
77270,Хисаря,гр.,PDV37,000471671,Пловдив,BG421
77284,Хитово,с.,DOB15,000852188,Добрич,BG332
77308,Цар Калоян,гр.,RAZ36,000505981,Разград,BG324
77311,Хлевене,с.,LOV18,000291591,Ловеч,BG315
77325,Хлябово,с.,HKV32,000970464,Хасково,BG422
77339,Ходжовци,с.,KRZ16,000235920,Кърджали,BG425
77342,Хотанца,с.,RSE27,000530632,Русе,BG323
77356,Хотница,с.,VTR04,000133634,Велико Търново,BG321
77361,Хотово,с.,BLG40,000024955,Благоевград,BG413
77373,Храбрино,с.,PDV26,000472200,Пловдив,BG421
77387,Храброво,с.,VAR24,000093638,Варна,BG331
77390,Храброво,с.,DOB03,000852544,Добрич,BG332
77400,Храбърско,с.,SFO06,000776071,София,BG412
77414,Храсна,с.,BLG40,000024955,Благоевград,BG413
77428,Храстово,с.,KRZ15,000235913,Кърджали,BG425
77431,Християново,с.,SZR31,000818022,Стара Загора,BG344
77445,Христовци,с.,VTR13,000133762,Велико Търново,BG321
77459,Христовци,с.,GAB35,000215946,Габрово,BG322
77462,Христо Даново,с.,PDV13,000471365,Пловдив,BG421
77476,Хрищени,с.,SZR31,000818022,Стара Загора,BG344
77487,Хромица,с.,KRZ02,000235750,Кърджали,BG425
77493,Хубавене,с.,VRC32,000193460,Враца,BG313
77517,Хума,с.,RAZ29,000505928,Разград,BG324
77520,Хухла,с.,HKV11,000235870,Хасково,BG422
77534,Хъневци,с.,VTR13,000133762,Велико Търново,BG321
77548,Хърлец,с.,VRC20,000193250,Враца,BG313
77565,Хърсово,с.,BLG40,000024955,Благоевград,BG413
77579,Хърсово,с.,RAZ29,000505928,Разград,BG324
77582,Хърсово,с.,SHU21,000931568,Шумен,BG333
77596,Горно Краище,с.,BLG02,000024688,Благоевград,BG413
78015,Цаконица,с.,VRC27,000193371,Враца,BG313
78029,Цалапица,с.,PDV26,000472200,Пловдив,BG421
78032,Цани Гинчево,с.,SHU21,000931568,Шумен,BG333
78046,Цапарево,с.,BLG49,000024713,Благоевград,BG413
78056,Цар Асен,с.,PAZ19,000351736,Пазарджик,BG423
78063,Цар Асен,с.,SLS01,000565359,Силистра,BG325
78077,Цар Асен,с.,TGV24,000875856,Търговище,BG334
78080,Царацово,с.,PDV17,000472182,Пловдив,BG421
78094,Царева поляна,с.,HKV30,000904261,Хасково,BG422
78104,Царев брод,с.,SHU30,000931721,Шумен,BG333
78118,Царев дол,с.,SLS34,000565626,Силистра,BG325
78121,Царевец,с.,VTR28,000133965,Велико Търново,BG321
78135,Царевец,с.,VRC27,000193371,Враца,BG313
78149,Царевец,с.,KRZ16,000235920,Кърджали,BG425
78152,Царевец,с.,DOB15,000852188,Добрич,BG332
78166,Царевци,с.,TGV22,000875817,Търговище,BG334
78171,Царимир,с.,PDV33,000471640,Пловдив,BG421
78183,Царино,с.,KRZ14,000235888,Кърджали,BG425
78197,Царичина,с.,SFO26,000776363,София,BG412
78207,Цар Калоян,с.,PDV42,115631816,Пловдив,BG421
78210,Хан Крум,с.,SHU23,000931625,Шумен,BG333
78224,Цар-Петрово,с.,VID22,000159629,Видин,BG311
78238,Цар Самуил,с.,SLS34,000565626,Силистра,BG325
78241,Цацаровци,с.,SML11,000614938,Смолян,BG424
78255,Цацаровци,с.,SFO16,000776235,София,BG412
78269,Цвеклювци,с.,VTR13,000133762,Велико Търново,BG321
78272,Цветино,с.,PAZ08,000351580,Пазарджик,BG423
78286,Цветкова бара,с.,MON02,000320559,Монтана,BG312
78297,Цветница,с.,TGV35,000875920,Търговище,BG334
78302,Цвятковци,с.,GAB05,000215630,Габрово,BG322
78313,Цвятово,с.,KRZ08,000235831,Кърджали,BG425
78327,Цегриловци,с.,PER51,000386790,Перник,BG414
78330,Целина,с.,SZR36,000818086,Стара Загора,BG344
78344,Ценино,с.,SLV16,000590597,Сливен,BG342
78358,Ценович,с.,SLS31,000565537,Силистра,BG325
78361,Ценово,с.,RSE37,000530671,Русе,BG323
78375,Ценово,с.,SZR36,000818086,Стара Загора,BG344
78389,Цепераните,с.,VTR04,000133634,Велико Търново,BG321
78392,Церетелево,с.,PDV33,000471640,Пловдив,BG421
78402,Церецел,с.,SFO43,000776502,София,BG412
78416,Церковски,с.,BGS09,000057026,Бургас,BG341
78428,Церова кория,с.,VTR04,000133634,Велико Търново,BG321
78433,Церовец,с.,RSE13,000530536,Русе,BG323
78447,Церовица,с.,KNL29,000261517,Кюстендил,BG415
78450,Церовище,с.,TGV22,000875817,Търговище,BG334
78464,Церово,с.,BLG03,000024695,Благоевград,BG413
78478,Церово,с.,PAZ14,000351693,Пазарджик,BG423
78481,Церово,с.,SFO43,000776502,София,BG412
78495,Циклово,с.,KNL05,000261370,Кюстендил,BG415
78505,Цирка,с.,SML16,000614984,Смолян,BG424
78519,Цонево,с.,VAR16,000093524,Варна,BG331
78536,Цонковци,с.,VTR04,000133634,Велико Търново,BG321
78543,Црешново,с.,KNL29,000261517,Кюстендил,BG415
78553,Цръклевци,с.,SFO16,000776235,София,BG412
78567,Црънча,с.,SML10,000614906,Смолян,BG424
78570,Црънча,с.,PAZ19,000351736,Пазарджик,BG423
78584,Църварица,с.,KNL31,000261541,Кюстендил,BG415
78598,Цървена ябълка,с.,KNL29,000261517,Кюстендил,BG415
78608,Цървендол,с.,KNL29,000261517,Кюстендил,BG415
78611,Цървеняно,с.,KNL29,000261517,Кюстендил,BG415
78625,Цървище,с.,KNL27,000261491,Кюстендил,BG415
78639,Църква,с.,DOB03,000852544,Добрич,BG332
78642,Църквица,с.,KRZ08,000235831,Кърджали,BG425
78656,Църквица,с.,SHU21,000931568,Шумен,BG333
78669,Църквище,с.,SFO47,000776464,София,BG412
80011,Чавдар,с.,SFO57,000777230,София,BG412
80025,Чавдар,с.,SML10,000614906,Смолян,BG424
80039,Чавдарци,с.,LOV18,000291591,Ловеч,BG315
80042,Чавдарци,с.,VTR13,000133762,Велико Търново,BG321
80056,Чавеи,с.,GAB05,000215630,Габрово,BG322
80065,Чавка,с.,KRZ14,000235888,Кърджали,BG425
80073,Чайка,с.,VAR24,000093638,Варна,BG331
80087,Чайка,с.,KRZ21,000235984,Кърджали,BG425
80090,Чакаларово,с.,KRZ14,000235888,Кърджали,BG425
80100,Чакали,с.,VTR13,000133762,Велико Търново,BG321
80114,Чакалите,с.,GAB35,000215946,Габрово,BG322
80128,Чакалци,с.,KRZ08,000235831,Кърджали,BG425
80131,Кременец,с.,KRZ21,000235984,Кърджали,BG425
80145,Чал,с.,KRZ15,000235913,Кърджали,BG425
80159,Чала,с.,SML05,000614856,Смолян,BG424
80162,Чалъкови,с.,PDV25,000471543,Пловдив,BG421
80176,Боровица,с.,KRZ02,000235750,Кърджали,BG425
80193,Чамла,с.,SML31,000615118,Смолян,BG424
80203,Царски извор,с.,VTR31,000133972,Велико Търново,BG321
80217,Чарган,с.,JAM25,000970457,Ямбол,BG343
80220,Чарда,с.,JAM22,000970432,Ямбол,BG343
80248,Чеганци,с.,KRZ16,000235920,Кърджали,BG425
80251,Чеканец,с.,KNL31,000261541,Кюстендил,BG415
80265,Чеканец,с.,SFO16,000776235,София,BG412
80279,Чеканци,с.,TGV02,000875557,Търговище,BG334
80282,Чеканчево,с.,SFO10,000776178,София,BG412
80296,Сини рид,с.,BGS18,000057211,Бургас,BG341
80306,Челник,с.,JAM25,000970457,Ямбол,BG343
80311,Челопек,с.,VRC10,000193115,Враца,BG313
80323,Челопеч,с.,SFO58,000777223,София,BG412
80340,Челопечене,с.,DOB17,000852697,Добрич,BG332
80354,Челюстница,с.,MON36,000320961,Монтана,BG312
80368,Чемиш,с.,MON14,000320694,Монтана,BG312
80371,Чепеларе,гр.,SML38,000615164,Смолян,BG424
80385,Чепино,с.,PER22,000386694,Перник,BG414
80399,Чепинци,с.,SML27,000615075,Смолян,BG424
80409,Чепинци,с.,SOF46,000696327,София (столица),BG411
80412,Чеплетен,с.,SML31,000615118,Смолян,BG424
80426,Чепърлинци,с.,SFO16,000776235,София,BG412
80437,Червен,с.,PDV01,000471059,Пловдив,BG421
80443,Червен,с.,RSE13,000530536,Русе,BG323
80457,Червена,с.,VTR28,000133965,Велико Търново,BG321
80460,Червена вода,с.,RSE27,000530632,Русе,BG323
80474,Червенаково,с.,SLV24,000590704,Сливен,BG342
80488,Червена могила,с.,PER36,000386776,Перник,BG414
80491,Червен брег,с.,KNL48,000261630,Кюстендил,BG415
80501,Червен бряг,гр.,PVN37,000414154,Плевен,BG314
80515,Червенковци,с.,VTR13,000133762,Велико Търново,BG321
80529,Червенци,с.,VAR09,000093474,Варна,BG331
80532,Черганово,с.,SZR12,000817778,Стара Загора,BG344
80546,Черенча,с.,SHU30,000931721,Шумен,BG333
80552,Черепово,с.,HKV33,000903939,Хасково,BG422
80563,Череша,с.,BGS18,000057211,Бургас,BG341
80594,Черешица,с.,KRZ16,000235920,Кърджали,BG425
80604,Черешките,с.,SML31,000615118,Смолян,BG424
80618,Черешница,с.,BLG40,000024955,Благоевград,BG413
80635,Черешовица,с.,MON02,000320559,Монтана,BG312
80649,Черешово,с.,BLG02,000024688,Благоевград,BG413
80652,Черешово,с.,RSE33,000530657,Русе,BG323
80666,Черешово,с.,SML31,000615118,Смолян,BG424
80678,Черешовска река,с.,SML31,000615118,Смолян,BG424
80683,Черкаски,с.,MON12,000320655,Монтана,BG312
80697,Черковица,с.,PVN21,000413885,Плевен,BG314
80707,Черковище,с.,SFO56,000777248,София,BG412
80710,Черковна,с.,VAR24,000093638,Варна,BG331
80724,Черковна,с.,RAZ26,000505910,Разград,BG324
80738,Черковна,с.,SLS10,000565416,Силистра,BG325
80741,Черковна,с.,TGV35,000875920,Търговище,BG334
80755,Черково,с.,BGS09,000057026,Бургас,BG341
80769,Черна,с.,DOB15,000852188,Добрич,BG332
80772,Черна,с.,SHU11,000931422,Шумен,BG333
80786,Черна вода,с.,TGV02,000875557,Търговище,BG334
80793,Черна гора,с.,SZR04,000817568,Стара Загора,BG344
80813,Черна могила,с.,BGS01,000056764,Бургас,BG341
80827,Черна могила,с.,HKV33,000903939,Хасково,BG422
80830,Черна нива,с.,KRZ35,000236164,Кърджали,BG425
80844,Черна скала,с.,KRZ16,000235920,Кърджали,BG425
80861,Чернево,с.,VAR26,000093684,Варна,BG331
80889,Черневци,с.,GAB05,000215630,Габрово,BG322
80892,Черни бряг,с.,TGV02,000875557,Търговище,BG334
80902,Черни Вит,с.,LOV33,000291698,Ловеч,BG315
80916,Черни връх,с.,BGS08,000057001,Бургас,BG341
80933,Черни връх,с.,MON11,000320648,Монтана,BG312
80950,Черни връх,с.,SHU25,000931657,Шумен,BG333
80964,Чернигово,с.,KRZ02,000235750,Кърджали,BG425
80978,Черни дял,с.,VTR13,000133762,Велико Търново,BG321
80981,Черни Осъм,с.,LOV34,000291709,Ловеч,BG315
80995,Черни рид,с.,HKV11,000235870,Хасково,BG422
81006,Черница,с.,BGS23,000057250,Бургас,BG341
81013,Черниче,с.,BLG44,000024987,Благоевград,BG413
81027,Черничево,с.,KRZ15,000235913,Кърджали,BG425
81030,Черничево,с.,PDV37,000471671,Пловдив,BG421
81044,Черничино,с.,HKV11,000235870,Хасково,BG422
81058,Черновръх,с.,GAB35,000215946,Габрово,BG322
81061,Черноглавци,с.,SHU07,000931397,Шумен,BG333
81075,Черногор,с.,SLS07,000565380,Силистра,BG325
81089,Черногорово,с.,PAZ19,000351736,Пазарджик,BG423
81092,Черногорово,с.,HKV09,000903533,Хасково,BG422
81102,Черноград,с.,BGS01,000056764,Бургас,BG341
81116,Чернодъб,с.,HKV28,000903825,Хасково,BG422
81121,Чернозем,с.,JAM07,000970165,Ямбол,BG343
81133,Черноземен,с.,PDV12,000471340,Пловдив,BG421
81147,Чернокапци,с.,TGV22,000875817,Търговище,BG334
81150,Чернолик,с.,SLS10,000565416,Силистра,BG325
81178,Черноморец,гр.,BGS21,000057236,Бургас,BG341
81181,Черноморци,с.,DOB29,000852957,Добрич,BG332
81195,Черноок,с.,VAR24,000093638,Варна,BG331
81205,Чернооки,с.,KRZ15,000235913,Кърджали,BG425
81219,Чернооково,с.,DOB12,000852633,Добрич,BG332
81222,Чернооково,с.,SHU10,000931415,Шумен,BG333
81236,Черноочене,с.,KRZ35,000236164,Кърджали,BG425
81247,Черно поле,с.,VID33,000159682,Видин,BG311
81253,Черньово,с.,SFO20,000776299,София,BG412
81267,Черньовци,с.,KRZ16,000235920,Кърджали,BG425
81270,Честименско,с.,DOB27,000852925,Добрич,BG332
81284,Четирци,с.,KNL31,000261541,Кюстендил,BG415
81308,Чехларе,с.,PDV07,000471123,Пловдив,BG421
81325,Чешлянци,с.,KNL50,000261655,Кюстендил,BG415
81339,Чешма,с.,VTR14,000133778,Велико Търново,BG321
81342,Чешнегирово,с.,PDV28,000471582,Пловдив,BG421
81356,Чибаовци,с.,SFO26,000776363,София,BG412
81362,Чилик,с.,KRZ16,000235920,Кърджали,BG425
81373,Чилнов,с.,RSE08,000530529,Русе,BG323
81387,Чинтулово,с.,SLV20,000590654,Сливен,BG342
81390,Чипровци,гр.,MON36,000320961,Монтана,BG312
81400,Чирен,с.,VRC10,000193115,Враца,BG313
81414,Чирпан,гр.,SZR36,000818086,Стара Загора,BG344
81428,Чистово,с.,VTR14,000133778,Велико Търново,BG321
81431,Читаковци,с.,GAB05,000215630,Габрово,BG322
81459,Чифлик,с.,VID01,000159458,Видин,BG311
81462,Чифлик,с.,KRZ16,000235920,Кърджали,BG425
81476,Чифлик,с.,LOV34,000291709,Ловеч,BG315
81493,Чичево,с.,KRZ14,000235888,Кърджали,BG425
81503,Чичил,с.,VID22,000159629,Видин,BG311
81517,Чобанка,с.,KRZ21,000235984,Кърджали,BG425
81520,Чокманово,с.,SML31,000615118,Смолян,BG424
81534,Чокоба,с.,SLV20,000590654,Сливен,BG342
81548,Чомаково,с.,KRZ21,000235984,Кърджали,BG425
81551,Чомаковци,с.,PVN37,000414154,Плевен,BG314
81565,Чорбаджийско,с.,KRZ14,000235888,Кърджали,BG425
81579,Чорул,с.,SFO16,000776235,София,BG412
81582,Чубра,с.,BGS23,000057250,Бургас,BG341
81596,Чубрика,с.,KRZ02,000235750,Кърджали,BG425
81606,Чудинци,с.,KNL29,000261517,Кюстендил,BG415
81619,Чудомир,с.,RAZ17,000505853,Разград,BG324
81623,Чуйпетлово,с.,PER32,000386751,Перник,BG414
81637,Тодорчета,с.,GAB05,000215630,Габрово,BG322
81640,Чукарка,с.,BGS01,000056764,Бургас,BG341
81654,Чукарово,с.,HKV32,000970464,Хасково,BG422
81668,Чуката,с.,VTR14,000133778,Велико Търново,BG321
81685,Чукилите,с.,GAB05,000215630,Габрово,BG322
81699,Чуковезер,с.,SFO16,000776235,София,BG412
81709,Чуковец,с.,PER36,000386776,Перник,BG414
81712,Чуковец,с.,SLS01,000565359,Силистра,BG325
81726,Чуково,с.,GAB12,000215729,Габрово,BG322
81734,Чуково,с.,KRZ21,000235984,Кърджали,BG425
81743,Стражец,с.,KRZ15,000235913,Кърджали,BG425
81757,Чупрене,с.,VID37,000159700,Видин,BG311
81760,Чурек,с.,SFO17,000776242,София,BG412
81774,Чурен,с.,PDV26,000472200,Пловдив,BG421
81788,Чурилово,с.,BLG33,000024916,Благоевград,BG413
81791,Чуричени,с.,BLG33,000024916,Благоевград,BG413
81801,Чурка,с.,SML16,000614984,Смолян,BG424
81815,Чуруково,с.,SML09,000614895,Смолян,BG424
81829,Чучулига,с.,HKV11,000235870,Хасково,BG422
81832,Чучулигово,с.,BLG33,000024916,Благоевград,BG413
81850,Черна Места,с.,BLG53,000025039,Благоевград,BG413
81863,Чолакова,с.,PAZ08,000351580,Пазарджик,BG423
81904,Чарково,с.,GAB05,000215630,Габрово,BG322
81918,Червена локва,с.,GAB05,000215630,Габрово,BG322
81921,Червена скала,с.,KRZ02,000235750,Кърджали,BG425
81935,Черешка,с.,KRZ08,000235831,Кърджали,BG425
81952,Черна гора,с.,PER32,000386751,Перник,BG414
81966,Черник,с.,SLS10,000565416,Силистра,BG325
81975,Чоба,с.,PDV07,000471123,Пловдив,BG421
83017,Шабла,гр.,DOB29,000852957,Добрич,BG332
83020,Шаново,с.,SZR22,000817867,Стара Загора,BG344
83034,Шарани,с.,GAB05,000215630,Габрово,BG322
83048,Шаренска,с.,SML16,000614984,Смолян,BG424
83051,Шарково,с.,JAM03,000970051,Ямбол,BG343
83082,Шатрово,с.,KNL04,000261363,Кюстендил,BG415
83106,Шейново,с.,SZR12,000817778,Стара Загора,BG344
83123,Шереметя,с.,VTR04,000133634,Велико Търново,BG321
83137,Дъбовица,с.,BGS23,000057250,Бургас,BG341
83154,Шиварово,с.,BGS18,000057211,Бургас,BG341
83168,Шиливери,с.,VTR13,000133762,Велико Търново,BG321
83171,Шилковци,с.,VTR13,000133762,Велико Търново,BG321
83185,Шипикова махала,с.,VID03,000159472,Видин,BG311
83199,Шипка,гр.,SZR12,000817778,Стара Загора,BG344
83209,Шипковица,с.,PER51,000386790,Перник,BG414
83212,Шипково,с.,LOV34,000291709,Ловеч,BG315
83226,Шипок,с.,KRZ14,000235888,Кърджали,BG425
83239,Шипот,с.,VID16,000159554,Видин,BG311
83243,Шипочане,с.,SFO39,000776491,София,BG412
83257,Шипочано,с.,KNL29,000261517,Кюстендил,BG415
83260,Шипчените,с.,GAB05,000215630,Габрово,BG322
83274,Широка лъка,с.,SML31,000615118,Смолян,BG424
83288,Широка поляна,с.,HKV34,000903946,Хасково,BG422
83291,Широки дол,с.,SFO39,000776491,София,BG412
83301,Широково,с.,RSE08,000530529,Русе,BG323
83315,Широко поле,с.,KRZ16,000235920,Кърджали,BG425
83329,Шишенци,с.,VID03,000159472,Видин,BG311
83332,Шишковица,с.,TGV02,000875557,Търговище,BG334
83354,Шишковци,с.,KNL29,000261517,Кюстендил,BG415
83363,Цар Шишманово,с.,VID25,000159636,Видин,BG311
83377,Шишманово,с.,HKV33,000903939,Хасково,BG422
83380,Шишманци,с.,PDV25,000471543,Пловдив,BG421
83394,Шияково,с.,PVN08,000413691,Плевен,BG314
83404,Шкорпиловци,с.,VAR13,000093517,Варна,BG331
83418,Шодековци,с.,VTR04,000133634,Велико Търново,BG321
83421,Алендарова,с.,PAZ08,000351580,Пазарджик,BG423
83435,Шопите,с.,GAB29,000215889,Габрово,BG322
83449,Шопци,с.,KRZ14,000235888,Кърджали,BG425
83452,Шубеци,с.,VTR13,000133762,Велико Търново,BG321
83466,Шума,с.,SFO09,000776160,София,BG412
83497,Шумата,с.,GAB29,000215889,Габрово,BG322
83510,Шумен,гр.,SHU30,000931721,Шумен,BG333
83524,Шуменци,с.,SLS34,000565626,Силистра,BG325
83538,Шумнатица,с.,KRZ14,000235888,Кърджали,BG425
83555,Шушня,с.,GAB12,000215729,Габрово,BG322
83586,Шемшево,с.,VTR04,000133634,Велико Търново,BG321
84019,Щерна,с.,KRZ08,000235831,Кърджали,BG425
84022,Щипско,с.,VAR09,000093474,Варна,BG331
84036,Щит,с.,HKV28,000903825,Хасково,BG422
84049,Щръклево,с.,RSE13,000530536,Русе,BG323
84067,Щърково,с.,PAZ14,000351693,Пазарджик,BG423
85010,Ъглен,с.,LOV19,000291602,Ловеч,BG315
86012,Югово,с.,PDV15,000614967,Пловдив,BG421
86026,Юделник,с.,RSE33,000530657,Русе,BG323
86030,Върхари,с.,KRZ21,000235984,Кърджали,BG425
86043,Юлиево,с.,SZR22,000817867,Стара Загора,BG344
86057,Юнак,с.,VAR01,000093378,Варна,BG331
86060,Юнаци,с.,KRZ21,000235984,Кърджали,BG425
86074,Юнаците,с.,PAZ19,000351736,Пазарджик,BG423
86088,Юнец,с.,VAR13,000093517,Варна,BG331
86091,Юпер,с.,RAZ16,000505846,Разград,BG324
86101,Юруково,с.,BLG53,000025039,Благоевград,BG413
86115,Юндола,с.,PAZ08,000351580,Пазарджик,BG423
87014,Ябланица,гр.,LOV38,000291723,Ловеч,BG315
87028,Ябланица,с.,SFO43,000776502,София,BG412
87031,Ябланово,с.,SLV11,000590540,Сливен,BG342
87059,Ябълковец,с.,KRZ02,000235750,Кърджали,BG425
87062,Ябълково,с.,KNL29,000261517,Кюстендил,BG415
87076,Ябълково,с.,HKV09,000903533,Хасково,BG422
87081,Ябълковци,с.,GAB35,000215946,Габрово,BG322
87093,Ябълчево,с.,BGS18,000057211,Бургас,BG341
87103,Ябълчени,с.,KRZ35,000236164,Кърджали,BG425
87117,Явор,с.,GAB35,000215946,Габрово,BG322
87120,Яворец,с.,GAB05,000215630,Габрово,BG322
87134,Яворница,с.,BLG33,000024916,Благоевград,BG413
87148,Яворовец,с.,SZR22,000817867,Стара Загора,BG344
87165,Яворово,с.,KRZ35,000236164,Кърджали,BG425
87179,Яврово,с.,PDV42,115631816,Пловдив,BG421
87182,Яворово,с.,SZR31,000818022,Стара Загора,BG344
87206,Ягнило,с.,VAR08,000093458,Варна,BG331
87212,Ягода,с.,SZR22,000817867,Стара Загора,BG344
87223,Ягодина,с.,SML05,000614856,Смолян,BG424
87237,Ягодово,с.,MON02,000320559,Монтана,BG312
87240,Ягодово,с.,PDV26,000472200,Пловдив,BG421
87254,Яздач,с.,SZR36,000818086,Стара Загора,BG344
87271,Язовец,с.,TGV02,000875557,Търговище,BG334
87285,Яким Груево,с.,RAZ14,000505821,Разград,BG324
87299,Якимово,с.,MON38,000320979,Монтана,BG312
87309,Яковица,с.,KRZ14,000235888,Кърджали,BG425
87312,Яково,с.,BLG33,000024916,Благоевград,BG413
87326,Яковци,с.,VTR13,000133762,Велико Търново,BG321
87338,Якоруда,гр.,BLG53,000025039,Благоевград,BG413
87343,Ялботина,с.,SFO16,000776235,София,BG412
87360,Ялово,с.,VTR04,000133634,Велико Търново,BG321
87374,Ямбол,гр.,JAM26,000970496,Ямбол,BG343
87388,Ямино,с.,KRZ08,000235831,Кърджали,BG425
87391,Ямна,с.,SFO18,000776259,София,BG412
87401,Яна,с.,SOF46,000696327,София (столица),BG411
87415,Янино,с.,KRZ14,000235888,Кърджали,BG425
87429,Янково,с.,SHU25,000931657,Шумен,BG333
87432,Янковци,с.,GAB05,000215630,Габрово,BG322
87446,Яново,с.,BLG40,000024955,Благоевград,BG413
87453,Янтра,с.,VTR06,000133673,Велико Търново,BG321
87463,Янтра,с.,GAB12,000215729,Габрово,BG322
87477,Яньовец,с.,VID16,000159554,Видин,BG311
87480,Ярджиловци,с.,PER32,000386751,Перник,BG414
87494,Яребица,с.,KRZ16,000235920,Кърджали,BG425
87504,Яребица,с.,SLS10,000565416,Силистра,BG325
87518,Яребична,с.,VAR02,000093385,Варна,BG331
87521,Яребично,с.,TGV02,000875557,Търговище,BG334
87535,Яребковица,с.,SFO39,000776491,София,BG412
87549,Ярловица,с.,VID16,000159554,Видин,BG311
87552,Ярлово,с.,SFO39,000776491,София,BG412
87566,Ярловци,с.,PER51,000386790,Перник,BG414
87579,Ярославци,с.,PER08,000386559,Перник,BG414
87583,Ясен,с.,VID30,000159643,Видин,BG311
87597,Ясен,с.,PVN24,000413974,Плевен,BG314
87607,Ясените,с.,GAB05,000215630,Габрово,BG322
87610,Ясенково,с.,SHU07,000931397,Шумен,BG333
87624,Ясеновец,с.,RAZ26,000505910,Разград,BG324
87638,Ясеново,с.,BGS18,000057211,Бургас,BG341
87641,Ясеново,с.,SZR12,000817778,Стара Загора,BG344
87655,Ясна поляна,с.,BGS27,102164063,Бургас,BG341
87669,Ясно поле,с.,PDV17,000472182,Пловдив,BG421
87672,Ястреб,с.,KRZ16,000235920,Кърджали,BG425
87686,Ястребино,с.,TGV02,000875557,Търговище,BG334
87694,Ястребна,с.,SLS32,000565544,Силистра,BG325
87700,Ястребово,с.,RSE27,000530632,Русе,BG323
87713,Ястребово,с.,SZR23,000817917,Стара Загора,BG344
87727,Яхиново,с.,KNL48,000261630,Кюстендил,BG415
87802,Попови ливади,с.,BLG11,000024745,Благоевград,BG413
87816,Свети Спас,с.,SFO59,122054941,София,BG412
87825,Свети Константин,с.,PAZ21,000351750,Пазарджик,BG423
